District Name,District Code,K,01,02,03,04,05,06,07,08,09,10,11,12,All Grades,Total Students
Abby Kelley Foster Charter Public (District),04450000,     121,     123,     124,     126,     132,     127,     128,     111,     108,      80,      74,      48,      53,"   1,355","       1,424"
Abington,00010000,     147,     177,     173,     183,     197,     173,     178,     156,     162,      61,      87,      53,      66,"   1,813","       2,079"
Academy Of the Pacific Rim Charter Public (District),04120000,,,,,,      42,      60,      78,      72,      84,      59,      22,      26,     443,         498
Acton-Boxborough,06000000,     297,     364,     345,     379,     355,     384,     402,     386,     381,     278,     228,     117,     125,"   4,041","       4,980"
Acushnet,00030000,      79,      94,      88,      89,     110,      92,     123,     102,      91,,,,,     868,         868
Advanced Math and Science Academy Charter (District),04300000,,,,,,,     142,     147,     142,     126,      59,      43,      74,     733,         975
Agawam,00050000,     248,     238,     254,     258,     249,     265,     257,     217,     280,     177,     114,     106,     120,"   2,783","       3,322"
Alma del Mar Charter School (District),04090000,      96,      99,      97,      99,     100,      99,     148,     148,     142,,,,,"   1,028","       1,028"
Amesbury,00070000,     146,     152,     143,     128,     144,     138,     104,     136,     135,     102,     104,     105,     104,"   1,641","       1,757"
Amherst,00080000,     153,     127,     145,     118,     140,     144,     161,,,,,,,     988,         990
Amherst-Pelham,06050000,,,,,,,,     175,     178,     158,     159,     208,     169,"   1,047","       1,194"
Andover,00090000,     386,     372,     409,     418,     429,     402,     475,     419,     423,     327,     264,     215,     282,"   4,821","       5,372"
Argosy Collegiate Charter School (District),35090000,,,,,,,     103,     102,     101,      26,      30,      31,      31,     424,         581
Arlington,00100000,     445,     430,     502,     497,     486,     488,     530,     462,     501,     230,     268,     161,     227,"   5,227","       6,047"
Ashburnham-Westminster,06100000,     141,     148,     168,     173,     171,     164,     215,     183,     176,     109,      93,      69,      63,"   1,873","       2,174"
Ashland,00140000,     179,     218,     177,     234,     241,     198,     232,     236,     222,     181,     135,     136,     109,"   2,498","       2,841"
Assabet Valley Regional Vocational Technical,08010000,,,,,,,,,,     116,     111,      99,     140,     466,"       1,134"
Athol-Royalston,06150000,     113,     141,     126,     144,     123,     107,     124,     114,     130,      65,      40,      40,      25,"   1,292","       1,543"
Atlantis Charter (District),04910000,     109,     110,     109,     109,     110,     108,     108,     110,     110,      54,      31,      48,      57,"   1,173","       1,256"
Attleboro,00160000,     450,     412,     415,     441,     400,     441,     451,     449,     455,     277,     415,     334,     268,"   5,208","       6,025"
Auburn,00170000,     147,     145,     175,     179,     174,     199,     208,     195,     224,      85,     143,     138,     142,"   2,154","       2,402"
Avon,00180000,      50,      46,      56,      54,      50,      49,      50,      62,      59,      33,      29,      24,      44,     606,         719
Ayer Shirley School District,06160000,     136,     121,     155,     161,     113,     140,     141,     131,     138,      81,      86,      65,      96,"   1,564","       1,666"
Barnstable,00200000,     344,     371,     400,     392,     376,     339,     258,     252,     242,     173,     144,     142,     150,"   3,583","       4,489"
Baystate Academy Charter Public School (District),35020000,,,,,,,      60,      62,      57,      47,       0,       0,       0,     226,         358
Bedford,00230000,       0,     165,     162,     153,     195,     187,     184,     211,     184,     197,     161,      92,     112,"   2,003","       2,457"
Belchertown,00240000,     128,     138,     141,     166,     165,     164,     163,     163,     176,      99,      83,     107,     101,"   1,794","       1,972"
Bellingham,00250000,     154,     133,     149,     129,     143,     150,     150,     153,     154,      94,     101,      94,     118,"   1,722","       1,932"
Belmont,00260000,     252,     255,     310,     349,     316,     359,     354,     376,     369,     282,     168,     118,     179,"   3,687","       4,402"
Benjamin Banneker Charter Public (District),04200000,      37,      47,      47,      47,      47,      43,      42,,,,,,,     310,         311
Benjamin Franklin Classical Charter Public (District),04470000,      99,     100,      97,      99,     100,      98,      99,      99,      98,,,,,     889,         889
Berkley,00270000,      78,      82,      84,      81,      78,      72,      57,      59,      66,,,,,     657,         778
Berkshire Arts and Technology Charter Public (District),04140000,,,,,,,      75,      71,      64,      44,      39,      36,      21,     350,         367
Berkshire Hills,06180000,      56,      61,      62,      67,      66,      72,      83,      77,      97,      80,      61,      69,      56,     907,"       1,070"
Berlin-Boylston,06200000,      88,      89,      98,      96,      82,      93,      77,      82,      73,      36,      36,      29,      41,     920,"       1,067"
Beverly,00300000,     354,     340,     351,     339,     353,     367,     329,     358,     316,     163,     265,     225,     172,"   3,932","       4,323"
Billerica,00310000,     400,     395,     397,     406,     425,     365,     364,     366,     274,     258,     168,     155,     246,"   4,219","       4,769"
Blackstone Valley Regional Vocational Technical,08050000,,,,,,,,,,      98,      62,     121,     209,     490,"       1,241"
Blackstone-Millville,06220000,     103,     104,     101,      94,     116,     123,     111,     131,      90,     104,      90,      74,      82,"   1,323","       1,421"
Blue Hills Regional Vocational Technical,08060000,,,,,,,,,,      30,      16,      81,      97,     224,         899
Boston,00350000,"   3,324","   3,401","   3,405","   3,316","   3,224","   3,006","   2,178","   2,461","   2,336","   1,860","   1,566","   1,727","   1,967","  33,771","      43,888"
Boston Collegiate Charter (District),04490000,,,,,,     100,     103,      88,      95,      84,      84,      62,      68,     684,         703
Boston Day and Evening Academy Charter (District),04240000,,,,,,,,,,      17,       9,       1,      52,      79,         388
Boston Green Academy Horace Mann Charter School (District),04110000,,,,,,,,      69,      70,      68,      53,      35,      18,     313,         402
Boston Preparatory Charter Public (District),04160000,,,,,,,      83,     102,     113,      73,      95,      50,      42,     558,         686
Boston Renaissance Charter Public (District),04810000,     134,     138,     139,     128,     128,      97,      72,,,,,,,     836,         842
Bourne,00360000,     114,     125,     113,     120,     113,     128,     119,     148,     125,      77,      33,      30,      58,"   1,303","       1,440"
Boxford,00380000,     105,     116,      99,     102,     106,     107,      93,,,,,,,     728,         729
Braintree,00400000,     317,     331,     383,     424,     396,     373,     428,     393,     393,     215,     259,     216,     201,"   4,329","       5,134"
Brewster,00410000,      65,      65,      69,      75,      59,      67,,,,,,,,     400,         400
Bridge Boston Charter School (District),04170000,       0,       0,      40,       0,       0,      36,      25,      27,      20,,,,,     148,         301
Bridgewater-Raynham,06250000,     411,     447,     450,     485,     458,     452,     468,     466,     449,     158,      48,      95,     163,"   4,550","       5,592"
Brimfield,00430000,       0,      39,      32,      34,      26,      44,      33,,,,,,,     208,         226
Bristol County Agricultural,09100000,,,,,,,,,,       0,       0,       0,       0,       0,         635
Bristol-Plymouth Regional Vocational Technical,08100000,,,,,,,,,,     176,      22,      19,      24,     241,"       1,334"
Brockton,00440000,"   1,280","   1,222","   1,208","   1,299","   1,202","   1,068","   1,009","   1,134","   1,192",     683,     471,     505,     633,"  12,906","      14,948"
Brooke Charter School (District),04280000,     191,     191,     195,     191,     196,     193,     190,     179,     182,       0,      81,      11,      99,"   1,899","       2,205"
Brookfield,00450000,       0,      37,      38,      40,      41,      38,      36,,,,,,,     230,         270
Brookline,00460000,     483,     483,     533,     512,     553,     524,     508,     516,     471,     415,     437,     240,     223,"   5,898","       6,770"
Burlington,00480000,       0,     288,     273,     302,     284,     276,     272,     282,     291,      92,      85,      67,     105,"   2,617","       3,480"
Cambridge,00490000,     555,     573,     545,     531,     531,     478,     440,     447,     414,     321,     275,     252,     263,"   5,625","       6,621"
Canton,00500000,     243,     227,     254,     257,     264,     251,     227,     218,     233,     224,     181,     160,     164,"   2,903","       3,189"
Cape Cod Lighthouse Charter (District),04320000,,,,,,,      84,      80,      84,,,,,     248,         251
Cape Cod Regional Vocational Technical,08150000,,,,,,,,,,      43,      28,       6,       7,      84,         683
Carlisle,00510000,      58,      75,      61,      80,      63,      58,      74,      60,      75,,,,,     604,         605
Carver,00520000,       0,      99,     130,     144,     104,     125,     108,      87,     129,      64,      52,      41,      62,"   1,145","       1,415"
Central Berkshire,06350000,      91,     110,     121,     115,     106,     134,     108,     125,     123,      60,      49,      42,      42,"   1,226","       1,482"
Chelmsford,00560000,     372,     394,     376,     392,     427,     346,     359,     403,     404,     251,     234,     219,     236,"   4,413","       4,960"
Chelsea,00570000,     454,     446,     467,     496,     460,     408,     429,     439,     408,     354,     278,     223,     219,"   5,081","       5,890"
Chesterfield-Goshen,06320000,      11,      14,      15,      23,      13,      16,      15,,,,,,,     107,         107
Chicopee,00610000,     454,     442,     389,     435,     488,     524,     383,     222,     248,     280,     338,     304,     365,"   4,872","       6,467"
Christa McAuliffe Charter School (District),04180000,,,,,,,      64,      93,      77,,,,,     234,         280
City on a Hill Charter Public School (District),04370000,,,,,,,,,,,,      22,      12,      34,          68
Clarksburg,00630000,      12,      19,      20,      22,      23,      19,      22,      29,      18,,,,,     184,         184
Clinton,00640000,     165,     143,     134,     146,     152,     150,     158,     142,     137,      41,      28,      47,      48,"   1,491","       1,887"
Codman Academy Charter Public (District),04380000,      21,      21,      22,      23,      22,      20,      23,      22,      20,      35,      20,       2,       7,     258,         314
Cohasset,00650000,     105,     106,     121,     125,     114,     105,     106,      89,     102,      76,      85,      98,      93,"   1,325","       1,359"
Collegiate Charter School of Lowell (District),35030000,      77,      97,     113,     120,      90,     100,     112,     112,     107,      61,       0,      35,      40,"   1,064","       1,209"
Community Charter School of Cambridge (District),04360000,,,,,,,      24,      53,      43,      21,       3,       2,      15,     161,         249
Community Day Charter Public School (District),04400000,       0,       0,       0,       0,       0,       0,       0,       0,       0,,,,,       0,"       1,079"
Concord,00670000,     186,     202,     196,     207,     213,     218,     217,     219,     205,,,,,"   1,863","       1,872"
Concord-Carlisle,06400000,,,,,,,,,,     201,     129,     107,     178,     615,"       1,195"
Conservatory Lab Charter (District),04390000,      46,      52,      53,      52,      57,      51,      43,      25,      25,,,,,     404,         405
Conway,00680000,      25,      16,      15,      18,      18,      25,      20,,,,,,,     137,         137
Danvers,00710000,     224,     265,     269,     254,     308,     266,     269,     224,     256,     129,     158,     130,     132,"   2,884","       3,127"
Dartmouth,00720000,     195,     238,     242,     268,     254,     281,     269,     228,     207,     159,     161,     142,     151,"   2,795","       3,164"
Dedham,00730000,     201,     217,     221,     218,     224,     219,     195,     185,     189,      86,      94,      93,     106,"   2,248","       2,591"
Deerfield,00740000,      33,      35,      38,      38,      33,      59,      39,,,,,,,     275,         275
Dennis-Yarmouth,06450000,     211,     242,     270,     226,     240,     262,     269,     227,     227,     149,     134,     151,     136,"   2,744","       2,961"
Dighton-Rehoboth,06500000,     193,     213,     195,     197,     227,     192,     213,     207,     213,      86,      72,     112,     127,"   2,247","       2,467"
Douglas,00770000,      87,      73,      79,      84,      72,     100,      91,      85,     108,      25,      32,      31,      33,     900,"       1,047"
Dover,00780000,      59,      64,      84,      92,      68,      99,,,,,,,,     466,         466
Dover-Sherborn,06550000,,,,,,,     164,     141,     168,     134,     117,     113,     101,     938,"       1,085"
Dracut,00790000,     247,     266,     292,     300,     317,     302,     303,     322,     277,      92,      54,      88,      74,"   2,934","       3,465"
Dudley Street Neighborhood Charter School (District),04070000,       0,       0,       0,       0,       0,       0,,,,,,,,       0,         247
Dudley-Charlton Reg,06580000,     228,     276,     207,     271,     265,     271,     300,     309,     287,     142,     132,     102,     105,"   2,895","       3,365"
Duxbury,00820000,     202,     190,     218,     199,     225,     197,     197,     189,     172,     148,      96,      79,     144,"   2,256","       2,637"
East Bridgewater,00830000,     140,     135,     125,     153,     156,     151,     152,     159,     165,     139,     111,     102,      85,"   1,773","       1,910"
East Longmeadow,00870000,     152,     156,     168,     194,     185,     202,     154,     197,     188,      74,      75,     114,      76,"   1,935","       2,392"
Eastham,00850000,      28,      24,      30,      42,      28,      28,,,,,,,,     180,         180
Easthampton,00860000,      87,      85,     103,     100,     120,     123,     114,     108,     106,      77,      65,      41,      63,"   1,192","       1,326"
Easton,00880000,     211,     219,     217,     269,     235,     255,     253,     283,     264,      85,      94,     114,     118,"   2,617","       3,245"
Edgartown,00890000,      29,      37,      35,      35,      54,      38,      38,      37,      41,,,,,     344,         352
Edward M. Kennedy Academy for Health Careers: A Horace Mann Charter Public School (District),04520000,,,,,,,,,,     108,      78,      23,      31,     240,         375
Erving,00910000,      13,      13,      13,      15,      15,      17,      14,,,,,,,     100,         100
Essex North Shore Agricultural and Technical School District,08170000,,,,,,,,,,       0,      20,      90,      27,     137,"       1,826"
Everett,00930000,     495,     516,     516,     520,     512,     567,     490,     534,     535,     295,     303,     318,     286,"   5,887","       7,016"
Excel Academy Charter (District),04100000,,,,,,     173,     176,     174,     170,      75,      57,      36,      28,     889,"       1,362"
Fairhaven,00940000,       0,       1,     117,     114,     122,     132,     132,     139,     144,     137,     114,      94,      88,"   1,334","       1,693"
Fall River,00950000,     935,     944,     995,"   1,006",     882,     954,     617,     685,     613,     364,     368,     392,     277,"   9,032","      11,015"
Falmouth,00960000,     203,     209,     213,     266,     213,     234,     231,     242,     224,     114,      83,      73,     116,"   2,421","       2,767"
Farmington River Reg,06620000,      12,      14,      16,      18,      20,      17,      13,,,,,,,     110,         121
Fitchburg,00970000,     439,     386,     450,     401,     410,     434,     468,     374,     402,     283,     222,     163,     133,"   4,565","       5,234"
Florida,00980000,       6,       5,       6,       7,      13,       8,       8,       5,      10,,,,,      68,          70
Four Rivers Charter Public (District),04130000,,,,,,,,      38,      38,      28,      20,      27,      19,     170,         225
Foxborough,00990000,     160,     186,     183,     184,     188,     180,     185,     185,     192,      99,     106,     114,     140,"   2,102","       2,412"
Foxborough Regional Charter (District),04460000,      98,     129,     139,     133,     143,     133,     124,     110,     106,      47,      19,      14,      30,"   1,225","       1,435"
Framingham,01000000,     728,     732,     718,     700,     717,     675,     707,     621,     643,     500,     417,     254,     241,"   7,653","       8,707"
Francis W. Parker Charter Essential (District),04780000,,,,,,,,       0,       0,       0,       4,      28,      21,      53,         386
Franklin,01010000,     315,     321,     315,     322,     328,     315,     369,     339,     370,     275,     268,     146,     159,"   3,842","       4,460"
Franklin County Regional Vocational Technical,08180000,,,,,,,,,,       0,       0,       0,       0,       0,         638
Freetown-Lakeville,06650000,     181,     175,     190,     208,     231,     230,     225,     221,     200,     127,      90,      69,      70,"   2,217","       2,559"
Frontier,06700000,,,,,,,,      82,      75,      52,      29,      55,      51,     344,         587
Gardner,01030000,     198,     203,     196,     204,     194,     183,     155,     157,     113,     107,      76,      80,      96,"   1,962","       2,477"
Gateway,06720000,      55,      56,      60,      50,      46,      50,      58,      59,      59,      33,      34,      25,      26,     611,         659
Georgetown,01050000,     100,      84,      98,      91,      92,      99,     100,     100,      83,      43,      62,      43,      57,"   1,052","       1,118"
Gill-Montague,06740000,      71,      48,      62,      80,      57,      62,      67,      70,      65,      47,      44,      35,      25,     733,         812
Global Learning Charter Public (District),04960000,,,,,,      86,      86,      79,      80,      27,      36,      49,      38,     481,         503
Gloucester,01070000,     234,     230,     208,     227,     225,     217,     204,     202,     211,     140,     124,     100,      89,"   2,411","       2,745"
Grafton,01100000,     211,     216,     232,     248,     242,     262,     205,     243,     244,     109,     118,     130,     165,"   2,625","       3,023"
Granby,01110000,      34,      41,      33,      59,      58,      56,      57,      57,       4,      34,      33,      29,      35,     530,         629
Greater Commonwealth Virtual District,39010000,      18,      39,      39,      48,      41,      55,      97,     109,     120,      74,      56,      76,      98,     870,"       1,275"
Greater Fall River Regional Vocational Technical,08210000,,,,,,,,,,      24,      25,      23,      36,     108,"       1,470"
Greater Lawrence Regional Vocational Technical,08230000,,,,,,,,,,       0,       0,       0,       0,       0,"       1,821"
Greater Lowell Regional Vocational Technical,08280000,,,,,,,,,,     418,      26,      41,      43,     528,"       2,288"
Greater New Bedford Regional Vocational Technical,08250000,,,,,,,,,,      21,      29,      34,      36,     120,"       2,135"
Greenfield,01140000,     104,      93,     119,     117,     112,     117,     114,      97,      86,      51,      41,      42,      48,"   1,141","       1,285"
Groton-Dunstable,06730000,     148,     165,     155,     187,     171,     175,     180,     178,     186,      88,     139,     102,     107,"   1,981","       2,228"
Hadley,01170000,      32,      39,      41,      38,      45,      31,      42,      20,      38,      15,      24,      19,      28,     412,         476
Halifax,01180000,      82,      92,      69,      66,      77,      69,      80,,,,,,,     535,         535
Hamilton-Wenham,06750000,     119,     137,     139,     153,     131,     124,     131,     137,     120,      97,      79,      65,      82,"   1,514","       1,645"
Hampden Charter School of Science (District),04990000,,,,,,,     139,     151,     146,      43,      66,      76,      81,     702,         937
Hampden-Wilbraham,06800000,     182,     199,     197,     211,     191,     217,     145,     150,     140,     125,     122,     116,      83,"   2,078","       2,775"
Hampshire,06830000,,,,,,,,     132,     154,      25,      74,      32,      62,     479,         720
Hancock,01210000,       4,      10,       6,       3,       4,       8,       4,,,,,,,      39,          39
Hanover,01220000,     182,     206,     182,     196,     208,     226,     215,     183,     205,      95,     121,      65,      86,"   2,170","       2,471"
Harvard,01250000,      75,      68,      74,      71,      57,      76,      81,      84,      77,      80,      63,      64,      52,     922,         994
Hatfield,01270000,      25,      30,      22,      23,      27,      25,      29,      13,      30,      10,       6,      15,      12,     267,         290
Haverhill,01280000,     595,     578,     595,     592,     591,     592,     610,     659,     649,     337,     352,     286,     369,"   6,805","       7,697"
Hawlemont,06850000,       4,      15,      10,       5,      10,      10,       9,,,,,,,      63,          63
Hill View Montessori Charter Public (District),04550000,      38,      34,      32,      35,      34,      33,      33,      31,      34,,,,,     304,         304
Hilltown Cooperative Charter Public (District),04500000,      20,      20,      20,      22,      22,      22,      34,      31,      27,,,,,     218,         218
Hingham,01310000,     258,     251,     304,     289,     274,     299,     275,     198,     169,     109,      86,      70,     100,"   2,682","       3,534"
Holbrook,01330000,     113,      94,     110,     102,      96,     115,     121,     110,     109,      48,      46,      32,      53,"   1,149","       1,285"
Holland,01350000,       0,      17,      27,      30,      29,      18,      30,,,,,,,     151,         187
Holliston,01360000,     141,     171,     200,     240,     204,     208,     176,     213,     216,     147,     128,     145,     158,"   2,347","       2,603"
Holyoke,01370000,     305,     359,     312,     325,     336,     330,     313,     316,     353,      75,     177,     168,     141,"   3,510","       4,453"
Holyoke Community Charter (District),04530000,       0,       0,       0,       0,       0,       0,       0,       0,       0,,,,,       0,         697
Hoosac Valley Regional,06030000,      75,      75,      84,      93,      65,      90,      77,      79,       6,      38,      36,      44,      34,     796,         943
Hopedale,01380000,      80,      75,      82,      81,      79,      81,      83,      83,      81,      17,      75,      51,      41,     909,"       1,015"
Hopkinton,01390000,     263,     287,     324,     314,     340,     346,     355,     313,     340,     234,     186,     119,     138,"   3,559","       4,160"
Hudson,01410000,     202,     200,     183,     186,     175,     202,     167,     191,     172,     117,      85,      91,     113,"   2,084","       2,297"
Hull,01420000,      33,      45,      46,      55,      38,      51,      49,      57,      45,      40,      27,      28,      44,     558,         645
Innovation Academy Charter (District),04350000,,,,,,     104,     101,     101,     100,      62,      77,      66,      54,     665,         768
Ipswich,01440000,     103,     123,     109,     127,     106,     115,     106,     134,     133,      75,      97,      78,      80,"   1,386","       1,497"
KIPP Academy Boston Charter School (District),04630000,      71,      71,      75,      75,      70,      72,      68,      62,      58,,,,,     622,         626
KIPP Academy Lynn Charter (District),04290000,     124,     124,     122,     125,     126,     131,     128,     127,     128,     114,     113,      39,      64,"   1,465","       1,635"
King Philip,06900000,,,,,,,,     353,     280,     157,     129,     108,     162,"   1,189","       1,839"
Kingston,01450000,     183,     154,     171,     170,     154,     153,     147,,,,,,,"   1,132","       1,132"
Lawrence,01490000,     671,"   1,044",     999,     971,"   1,011",     971,     890,     923,     963,     560,     521,     470,     461,"  10,455","      13,099"
Lawrence Family Development Charter (District),04540000,     104,     103,     104,     104,      87,      78,      77,      69,      66,,,,,     792,         792
Learning First Charter Public School (District),04860000,      75,      74,      75,      75,      75,      75,      75,      72,      70,,,,,     666,         666
Lee,01500000,      32,      48,      47,      40,      45,      45,      55,      69,      50,      44,      31,      26,      36,     568,         641
Leicester,01510000,      89,      79,      93,     108,      98,      97,      95,     115,      85,      63,      55,      88,      64,"   1,129","       1,256"
Lenox,01520000,      45,      52,      54,      49,      55,      57,      67,      58,      60,      51,      27,      29,      28,     632,         744
Leominster,01530000,     154,     410,     418,     491,     430,     465,     488,     467,     434,     302,     260,     183,     180,"   4,682","       6,095"
Leverett,01540000,      15,      15,      13,      21,      18,      18,      19,,,,,,,     119,         119
Lexington,01550000,     325,     409,     401,     470,     455,     526,     566,     557,     562,     508,     481,     447,     521,"   6,228","       6,777"
Libertas Academy Charter School (District),35140000,,,,,,,      93,      92,      95,      38,      84,      27,      33,     462,         584
Lincoln,01570000,     100,     100,      91,     103,     112,      96,     122,     108,      99,,,,,     931,         936
Lincoln-Sudbury,06950000,,,,,,,,,,     282,     203,     196,     184,     865,"       1,444"
Littleton,01580000,       0,       0,       0,     137,     109,     127,     126,     133,     109,      98,      93,      66,      94,"   1,092","       1,604"
Longmeadow,01590000,     181,     177,     203,     199,     182,     200,     223,     219,     223,      81,     104,      91,      94,"   2,177","       2,706"
Lowell,01600000,"   1,153","   1,133","   1,108","   1,204","   1,221","   1,133","   1,256","   1,133","   1,176",     199,     327,     381,     418,"  11,842","      14,221"
Lowell Community Charter Public (District),04560000,      99,      90,      92,      91,      86,      87,      78,      78,      71,,,,,     772,         773
Lowell Middlesex Academy Charter (District),04580000,,,,,,,,,,       5,      18,      14,      14,      51,         148
Ludlow,01610000,     139,     134,     128,     146,     155,     166,     141,     156,     166,     104,      96,      81,      70,"   1,682","       2,114"
Lunenburg,01620000,     117,     106,     116,     127,     109,     115,     155,     112,     122,      26,      82,     107,      81,"   1,375","       1,526"
Lynn,01630000,"   1,130","   1,162","   1,265","   1,239","   1,176","   1,108","   1,137","   1,181",     875,     542,     567,     589,     534,"  12,505","      16,159"
Lynnfield,01640000,     167,     160,     170,     182,     185,     178,     180,     191,     158,     117,      79,      52,      68,"   1,887","       2,161"
Ma Academy for Math and Science,04680000,,,,,,,,,,,,       0,      15,      15,          99
Malden,01650000,     448,     472,     432,     499,     465,     462,     491,     462,     501,     168,     192,     222,     231,"   5,045","       6,206"
Manchester Essex Regional,06980000,      68,      78,      84,      74,      90,      93,      86,      93,      98,      78,      78,      23,      32,     975,"       1,161"
Mansfield,01670000,     194,     232,     246,     256,     270,     243,     235,     255,     105,     193,     161,     172,     118,"   2,680","       3,196"
Map Academy Charter School (District),35170000,,,,,,,,,,      20,      23,      19,      14,      76,         302
Marblehead,01680000,     168,     175,     190,     172,     173,     184,     168,     170,     207,     145,     142,     111,     126,"   2,131","       2,507"
Marblehead Community Charter Public (District),04640000,,,,,      35,      47,      47,      43,      24,,,,,     196,         196
Marion,01690000,      48,      37,      43,      53,      55,      50,      62,,,,,,,     348,         351
Marlborough,01700000,     448,     454,     430,     463,     456,     436,     394,     313,     328,     178,     178,     184,     208,"   4,470","       4,765"
Marshfield,01710000,     273,     269,     273,     261,     255,     276,     236,     258,     302,     114,     117,      98,     120,"   2,852","       3,525"
Martha's Vineyard,07000000,,,,,,,,,,     114,      69,      94,      87,     364,         733
Martha's Vineyard Charter Public School (District),04660000,       1,      14,      13,      13,      14,      15,      25,      20,      12,       7,       7,      13,,     154,         171
"Martin Luther King, Jr. Charter School of Excellence (District)",04920000,      60,      60,      57,      58,      57,      55,,,,,,,,     347,         347
Masconomet,07050000,,,,,,,,     268,     286,     162,     111,     109,      72,"   1,008","       1,485"
Mashpee,01720000,      94,     102,     114,     104,     111,     104,      87,     108,     104,      55,      70,      47,      38,"   1,138","       1,328"
Match Charter Public School (District),04690000,      79,      94,      97,      96,      99,      94,      92,      87,      81,      84,      78,      55,       7,"   1,043","       1,103"
Mattapoisett,01730000,      58,      43,      54,      54,      49,      48,      60,,,,,,,     366,         369
Maynard,01740000,     103,     112,      92,      97,      93,      93,      82,      98,      90,      66,      47,      57,      53,"   1,083","       1,172"
Medfield,01750000,     178,     199,     184,     207,     180,     202,     188,     186,     194,     152,     119,      89,     122,"   2,200","       2,428"
Medford,01760000,     301,     348,     285,     351,     335,     306,     307,     293,     318,      25,      95,      97,     117,"   3,178","       4,069"
Medway,01770000,     146,     167,     171,     171,     171,     176,     164,     170,     156,     126,      94,     112,     129,"   1,953","       2,121"
Melrose,01780000,     259,     313,     268,     304,     303,     294,     278,     309,     285,     126,     125,      97,      95,"   3,056","       3,605"
Mendon-Upton,07100000,     164,     172,     167,     161,     160,     169,     151,     156,     133,      63,      77,      51,      95,"   1,719","       2,020"
Methuen,01810000,     450,     480,     470,     473,     504,     517,     546,     537,     545,     265,     291,     319,     370,"   5,767","       6,409"
Middleborough,01820000,     213,     199,     248,     232,     246,     208,     235,     228,     227,     159,     142,     138,     126,"   2,601","       2,815"
Middleton,01840000,      77,      88,     104,      97,     100,      92,     103,,,,,,,     661,         661
Milford,01850000,     327,     335,     344,     355,     342,     326,     297,     287,     316,     209,     172,     131,     130,"   3,571","       4,381"
Millbury,01860000,     110,     109,     135,     126,     103,     131,     100,     114,      90,      68,      90,      77,     103,"   1,356","       1,538"
Millis,01870000,      82,      96,     101,      99,      83,     107,      82,      96,      88,      47,      16,      21,      21,     939,"       1,131"
Milton,01890000,     365,     339,     360,     376,     353,     368,     317,     291,     277,     224,     194,     172,     155,"   3,791","       4,260"
Minuteman Regional Vocational Technical,08300000,,,,,,,,,,     112,      51,      63,      50,     276,         663
Mohawk Trail,07170000,      59,      46,      60,      57,      60,      62,      62,      60,      74,      25,      28,      17,      14,     624,         724
Monomoy Regional School District,07120000,     101,      89,     116,     116,     120,     121,     134,     140,     113,     102,      95,      91,      83,"   1,421","       1,681"
Monson,01910000,      53,      61,      64,      59,      75,      74,      74,      59,      62,      13,      13,      23,      10,     640,         735
Montachusett Regional Vocational Technical,08320000,,,,,,,,,,     115,      32,      26,      41,     214,"       1,409"
Mount Greylock,07150000,      75,      75,      79,      97,      77,      86,     101,      47,      42,      82,      60,      37,      44,     902,"       1,124"
Mystic Valley Regional Charter (District),04700000,     167,     159,     159,     160,     154,     146,     147,     144,     122,       0,       0,       7,       9,"   1,374","       1,694"
Nahant,01960000,      21,      27,      19,      15,      24,      13,       9,,,,,,,     128,         128
Nantucket,01970000,     118,     116,     113,     137,     117,     104,     122,     126,     103,     106,     117,      85,     106,"   1,470","       1,669"
Narragansett,07200000,     109,      98,     103,      99,     101,     116,     119,     112,      14,      46,      31,      53,      58,"   1,059","       1,375"
Nashoba,07250000,     199,     221,     221,     255,     244,     216,     251,     226,     261,     114,     109,     130,     159,"   2,606","       2,891"
Nashoba Valley Regional Vocational Technical,08520000,,,,,,,,,,      95,      65,      91,      79,     330,         756
Natick,01980000,     378,     363,     362,     436,     376,     403,     431,     411,     416,     376,     283,     211,     254,"   4,700","       5,221"
Nauset,06600000,,,,,,,     150,     116,     144,     110,     104,      80,     102,     806,"       1,200"
Needham,01990000,     391,     383,     442,     408,     428,     425,     444,     424,     420,     406,     363,     239,     216,"   4,989","       5,432"
Neighborhood House Charter (District),04440000,      42,      38,      41,      44,      44,      65,      69,      68,      73,      67,      71,      30,      35,     687,         772
New Bedford,02010000,"   1,035","   1,077","   1,095","   1,072","   1,055",     910,     829,     875,     923,     745,     474,     488,     414,"  10,992","      12,278"
New Heights Charter School of Brockton (District),35130000,,,,,,,     108,     115,     116,       0,       0,      12,      39,     390,         756
New Salem-Wendell,07280000,      11,      13,       0,      21,      19,      19,      19,,,,,,,     102,         116
Newburyport,02040000,     108,     152,     124,     141,     144,     167,     155,     150,     167,     132,     119,      96,      62,"   1,717","       2,056"
Newton,02070000,     707,     748,     784,     836,     887,     876,     890,     852,     910,     517,     572,     420,     433,"   9,432","      11,531"
Norfolk,02080000,     137,     151,     112,     149,     168,     132,     141,,,,,,,     990,"       1,030"
Norfolk County Agricultural,09150000,,,,,,,,,,       0,       0,       0,       0,       0,         594
North Adams,02090000,      70,      76,      90,      93,      89,      85,      84,      53,      55,      37,      34,      41,      49,     856,"       1,035"
North Andover,02110000,     338,     308,     334,     325,     317,     345,     355,     343,     325,     254,     258,     216,     199,"   3,917","       4,352"
North Attleborough,02120000,     284,     256,     276,     324,     317,     298,     312,     309,     345,     147,     122,     152,     229,"   3,371","       3,737"
North Middlesex,07350000,     208,     235,     226,     236,     257,     240,     242,     238,     235,      97,      89,     110,     134,"   2,547","       2,822"
North Reading,02170000,     174,     188,     200,     183,     195,     201,     142,     181,     163,      36,      62,     103,     130,"   1,958","       2,275"
Northampton,02100000,       0,     159,     185,     164,     176,     201,     168,     171,     184,     110,     170,     127,     116,"   1,931","       2,463"
Northampton-Smith Vocational Agricultural,04060000,,,,,,,,,,     149,     149,       6,      23,     327,         584
Northboro-Southboro,07300000,,,,,,,,,,     166,     153,      77,     122,     518,"       1,193"
Northborough,02130000,     149,     150,     165,     180,     199,     201,     189,     170,     186,,,,,"   1,589","       1,594"
Northbridge,02140000,     133,     165,     148,     152,     150,     135,     122,     127,     125,      87,      89,      96,      80,"   1,609","       1,748"
Northeast Metropolitan Regional Vocational Technical,08530000,,,,,,,,,,       0,      12,       9,      32,      53,"       1,382"
Northern Berkshire Regional Vocational Technical,08510000,,,,,,,,,,       0,       0,       0,       0,       0,         513
Norton,02180000,     147,     178,     170,     179,     187,     182,     153,     189,     183,     104,     106,      79,      76,"   1,933","       2,254"
Norwell,02190000,     158,     166,     162,     178,     177,     197,     167,     167,     169,     130,     131,     112,     104,"   2,018","       2,150"
Norwood,02200000,     256,     299,     270,     265,     285,     258,     265,     263,     252,     221,     191,     131,     123,"   3,079","       3,444"
Oak Bluffs,02210000,      30,      44,      43,      33,      47,      41,      48,      37,      43,,,,,     366,         379
Old Colony Regional Vocational Technical,08550000,,,,,,,,,,      14,      13,      12,       7,      46,         551
Old Rochester,07400000,,,,,,,,     209,     191,     117,      82,      74,      85,     758,"       1,039"
Old Sturbridge Academy Charter Public School (District),35150000,      40,      42,      43,      44,      43,      44,      38,      28,      33,,,,,     355,         355
Orange,02230000,      61,      70,      49,      80,      54,      72,      66,,,,,,,     452,         452
Orleans,02240000,      28,      27,      17,      34,      22,      22,,,,,,,,     150,         150
Oxford,02260000,     112,     103,      99,     113,      92,     107,     133,     117,     138,      93,      79,      57,      82,"   1,325","       1,426"
Palmer,02270000,      84,      90,      92,      88,     104,      68,      93,     112,      91,      22,      29,      20,      45,     938,"       1,057"
Pathfinder Regional Vocational Technical,08600000,,,,,,,,,,       0,       1,      99,     102,     202,         639
Peabody,02290000,     446,     478,     457,     511,     437,     459,     457,     414,     440,     132,     131,     167,     226,"   4,755","       5,543"
Pelham,02300000,      10,      21,      19,      22,      23,      19,      17,,,,,,,     131,         131
Pembroke,02310000,     174,     164,     189,     186,     184,     163,     195,     185,     167,      86,      68,      75,     108,"   1,944","       2,294"
Pentucket,07450000,     164,     174,     180,     205,     148,     188,     176,     169,      81,     107,     109,      82,      78,"   1,861","       2,145"
Petersham,02340000,      18,      17,      21,      19,      20,      21,      25,,,,,,,     141,         141
"Phoenix Academy Charter Public High School, Chelsea (District)",04930000,,,,,,,,,,       0,,       0,,       0,           7
"Phoenix Academy Public Charter High School, Lawrence (District)",35180000,,,,,,,,,,       0,,       0,       0,       0,          71
"Phoenix Academy Public Charter High School, Springfield (District)",35080000,,,,,,,,,,       0,       0,       0,       0,       0,          60
Pioneer Charter School of Science (District),04940000,      65,      63,      63,      63,      63,      64,      64,      63,      63,       0,       2,      27,      41,     641,         804
Pioneer Charter School of Science II (District),35060000,      54,      50,      51,      53,      52,,,      74,      73,       0,       1,      20,      28,     456,         637
Pioneer Valley,07500000,      38,      36,      41,      50,      48,      38,      47,      56,      39,      33,      13,      13,      32,     484,         540
Pioneer Valley Chinese Immersion Charter (District),04970000,      44,      44,      44,      44,      44,      44,      62,      49,      53,      50,      38,       7,       4,     527,         578
Pioneer Valley Performing Arts Charter Public (District),04790000,,,,,,,,      74,      72,      59,      66,      67,      65,     403,         412
Pittsfield,02360000,     309,     353,     377,     329,     335,     345,     271,     347,     241,     128,     191,     212,     220,"   3,658","       4,649"
Plainville,02380000,      73,      96,      81,      85,      65,      82,      85,,,,,,,     567,         567
Plymouth,02390000,     469,     506,     487,     555,     514,     504,     510,     503,     497,     308,     239,     281,     403,"   5,776","       6,753"
Plympton,02400000,      25,      35,      37,      45,      35,      45,      30,,,,,,,     252,         252
Prospect Hill Academy Charter (District),04870000,       0,       0,       0,       0,       0,       0,       0,      63,      68,      61,       0,       1,       0,     193,         816
Provincetown,02420000,      10,      18,      12,      16,       8,      11,      20,      16,      10,,,,,     121,         121
Quabbin,07530000,     134,     149,     139,     156,     158,     175,     161,      48,      35,     131,     105,      79,      75,"   1,545","       1,955"
Quaboag Regional,07780000,      61,      66,      70,     102,      81,      88,      81,     101,      89,      41,      38,      59,      57,     934,"       1,088"
Quincy,02430000,     665,     674,     745,     695,     734,     715,     768,     738,     740,     343,     277,     224,     205,"   7,523","       9,603"
Ralph C Mahar,07550000,,,,,,,,      66,      77,      75,      72,      54,      61,     405,         517
Randolph,02440000,     228,     225,     233,     245,     210,     237,     220,     187,     129,     162,     135,     119,     133,"   2,463","       2,813"
Reading,02460000,     241,     312,     287,     305,     268,     346,     308,     292,     271,     165,     197,      95,     116,"   3,203","       3,724"
Revere,02480000,     453,     534,     544,     543,     565,     558,     534,     547,     547,     180,     158,     239,     310,"   5,712","       7,206"
Richmond,02490000,      14,      16,      16,      20,      18,      17,      17,      13,      13,,,,,     144,         144
Rising Tide Charter Public (District),04830000,,,,,,      92,      94,      94,      95,      63,      55,      49,      50,     592,         612
River Valley Charter (District),04820000,      32,      31,      32,      32,      33,      31,      34,      33,      28,,,,,     286,         286
Rochester,02500000,      62,      62,      60,      63,      62,      66,      79,,,,,,,     454,         455
Rockland,02510000,     160,     169,     165,     176,     162,     180,     183,     146,     189,      88,      81,      58,      77,"   1,834","       2,121"
Rockport,02520000,      42,      41,      36,      41,      47,      40,      43,      52,      49,      61,      68,      50,      41,     611,         616
Rowe,02530000,       7,       4,       9,       5,       9,      12,       7,,,,,,,      53,          53
Roxbury Preparatory Charter (District),04840000,,,,,,      75,     146,     177,     184,       0,     137,      88,     102,     909,"       1,093"
Salem,02580000,     314,     334,     315,     320,     321,     351,     244,     256,     244,      76,     103,     115,      90,"   3,083","       3,768"
Salem Academy Charter (District),04850000,,,,,,,      73,      72,      75,      57,      56,      47,      56,     436,         479
Sandwich,02610000,     160,     154,     171,     157,     180,     157,     182,     172,     188,     107,      75,      84,      81,"   1,868","       2,045"
Saugus,02620000,     204,     202,     210,     205,     199,     203,     188,     214,     192,     161,     114,      89,     108,"   2,289","       2,614"
Savoy,02630000,       8,       7,       6,       2,       5,       6,       3,,,,,,,      37,          37
Scituate,02640000,     229,     197,     244,     201,     205,     235,     235,     209,     181,     151,     119,      94,     101,"   2,401","       2,678"
Seekonk,02650000,     160,     145,     159,     163,     177,     170,     151,     169,     154,      96,      92,      71,     114,"   1,821","       1,985"
Sharon,02660000,     206,     215,     248,     230,     249,     276,     292,     258,     267,     221,     232,     135,     149,"   2,978","       3,406"
Shawsheen Valley Regional Vocational Technical,08710000,,,,,,,,,,      34,      26,      25,      31,     116,"       1,274"
Sherborn,02690000,      59,      54,      66,      75,      63,      76,,,,,,,,     393,         393
Shrewsbury,02710000,     376,     371,     409,     411,     414,     470,     499,     441,     469,     266,     251,     226,     225,"   4,828","       5,769"
Shutesbury,02720000,      17,      16,      12,      17,      11,      16,      17,,,,,,,     106,         106
Silver Lake,07600000,,,,,,,,     269,     243,     111,     109,     124,     132,     988,"       1,561"
Sizer School: A North Central Charter Essential (District),04740000,,,,,,,,      20,      36,      32,      24,      17,      13,     142,         278
Somerset,02730000,     168,     135,     149,     173,     158,     164,     202,     192,     214,,,,,"   1,555","       1,559"
Somerset Berkley Regional School District,07630000,,,,,,,,,,     110,     110,     146,     157,     523,         870
Somerville,02740000,     348,     375,     334,     374,     362,     380,     350,     299,     335,     283,     266,     169,     188,"   4,063","       4,631"
South Hadley,02780000,       2,     116,     113,     150,     105,     117,     142,     114,     128,      84,      48,      18,      28,"   1,165","       1,570"
South Middlesex Regional Vocational Technical,08290000,,,,,,,,,,      49,     111,     113,      72,     345,         895
South Shore Charter Public (District),04880000,      84,      85,      84,      83,      82,      84,      81,      81,      85,      47,      39,      29,      25,     889,"       1,058"
South Shore Regional Vocational Technical,08730000,,,,,,,,,,     177,       6,      13,      12,     208,         672
Southampton,02750000,      62,      66,      63,      65,      57,      62,      58,,,,,,,     433,         433
Southborough,02760000,     126,     113,     152,     136,     127,     151,     131,     143,      67,,,,,"   1,146","       1,212"
Southbridge,02770000,     179,     168,     123,     131,     149,     142,     104,     131,     143,      99,      89,      81,      91,"   1,630","       1,750"
Southeastern Regional Vocational Technical,08720000,,,,,,,,,,      47,      40,      42,      52,     181,"       1,613"
Southern Berkshire,07650000,      39,      42,      35,      64,      50,      43,      42,      31,      47,      34,      26,      19,      23,     495,         555
Southern Worcester County Regional Vocational School District,08760000,,,,,,,,,,      19,      19,      19,      17,      74,"       1,177"
Southwick-Tolland-Granville Regional School District,07660000,      84,      88,      97,      90,      88,      97,     105,      96,     112,      42,      61,      48,      64,"   1,072","       1,236"
Spencer-E Brookfield,07670000,     106,     116,     106,     127,      97,     120,      99,     105,     104,      47,      49,      59,      45,"   1,180","       1,315"
Springfield,02810000,       4,"   1,737","   1,701","   1,689","   1,685","   1,670","   1,023",     839,     934,     935,     944,     988,"   1,110","  15,259","      21,873"
Springfield International Charter (District),04410000,      97,     108,     113,     119,     129,     130,     124,     135,     125,     117,     134,      97,      90,"   1,518","       1,544"
Springfield Preparatory Charter School (District),35100000,      55,      54,      54,      54,      54,      55,      54,      55,      55,,,,,     490,         491
Stoneham,02840000,     197,     197,     189,     186,     187,     171,     176,     158,     180,     134,     112,     117,     104,"   2,108","       2,243"
Stoughton,02850000,     271,     273,     304,     311,     249,     262,     268,     266,     286,     242,     178,     176,     229,"   3,315","       3,621"
Sturbridge,02870000,       0,     110,     114,     122,     108,     134,     103,,,,,,,     691,         782
Sturgis Charter Public (District),04890000,,,,,,,,,,     214,     215,      83,      90,     602,         830
Sudbury,02880000,     249,     267,     293,     280,     249,     319,     261,     263,     247,,,,,"   2,428","       2,478"
Sunderland,02890000,      24,      19,      27,      21,      14,      24,      24,,,,,,,     153,         153
Sutton,02900000,      84,     102,      96,      98,      97,      96,     106,      85,      45,      61,      34,      20,      63,     987,"       1,256"
Swampscott,02910000,     134,     139,     168,     150,     147,     139,     150,     148,     162,     135,     131,     116,     113,"   1,832","       2,039"
Swansea,02920000,     141,     163,     146,     173,     144,     165,     153,     168,       8,      69,      63,      51,      90,"   1,534","       1,947"
TEC Connections Academy Commonwealth Virtual School District,39020000,      54,      70,      95,     100,     112,     155,     167,     245,     309,     114,      84,     113,     143,"   1,761","       3,262"
Tantasqua,07700000,,,,,,,,     277,     292,     107,     186,     151,     179,"   1,192","       1,744"
Taunton,02930000,     630,     637,     615,     641,     593,     634,     604,     678,     347,     258,     293,     255,     185,"   6,370","       8,121"
Tewksbury,02950000,       0,     254,     303,     251,     260,     253,     248,     269,     272,     133,     138,      77,     131,"   2,589","       3,090"
Tisbury,02960000,      24,      34,      36,      42,      37,      31,      31,      23,      34,,,,,     292,         299
Topsfield,02980000,      60,      66,      74,      91,      83,      87,      82,,,,,,,     543,         543
Tri-County Regional Vocational Technical,08780000,,,,,,,,,,      13,      16,     166,     103,     298,         998
Triton,07730000,     148,     161,     167,     168,     133,     180,     154,     146,     151,      94,      79,      62,      81,"   1,724","       1,950"
Truro,03000000,      12,      12,       6,      11,       9,      10,,,,,,,,      60,          60
Tyngsborough,03010000,     103,     117,     102,     128,     116,      98,     127,     118,     149,      51,      92,      75,      85,"   1,361","       1,480"
UP Academy Charter School of Dorchester (District),35050000,       0,       0,       0,       0,       0,      57,      60,      40,      63,,,,,     220,         577
Up-Island Regional,07740000,      35,      31,      50,      40,      48,      39,      48,      17,       8,,,,,     316,         375
Upper Cape Cod Regional Vocational Technical,08790000,,,,,,,,,,       0,       0,       0,       0,       0,         826
Uxbridge,03040000,     105,     118,     101,     122,     113,     119,     107,     124,      46,      81,      62,      49,      65,"   1,212","       1,554"
Veritas Preparatory Charter School (District),04980000,,,,,,      94,     112,     107,     107,      72,      61,      30,,     583,         694
Wachusett,07750000,     496,     494,     499,     537,     530,     495,     546,     489,     560,     339,     247,     138,     177,"   5,547","       6,411"
Wakefield,03050000,     262,     273,     233,     258,     291,     252,     262,     265,     267,     189,     153,     111,     137,"   2,953","       3,248"
Wales,03060000,       0,       9,      16,       8,      11,      17,       9,,,,,,,      70,          89
Walpole,03070000,     260,     278,     286,     291,     326,     302,     298,     272,     260,     163,     172,     169,     196,"   3,273","       3,513"
Waltham,03080000,     450,     421,     446,     431,     420,     430,     403,     439,     421,     299,     334,     254,     191,"   4,939","       5,742"
Ware,03090000,      87,      84,      74,      75,      80,      92,      88,      73,      75,      38,      24,      35,      53,     878,"       1,000"
Wareham,03100000,     169,     176,     165,     175,     156,     147,     146,     150,      77,      81,      74,      67,      66,"   1,649","       1,896"
Warwick,03120000,       4,       2,       2,       6,       6,       3,       3,,,,,,,      26,          26
Watertown,03140000,     241,     232,     195,     237,     193,     207,     198,     197,     184,     154,     112,      85,     101,"   2,336","       2,689"
Wayland,03150000,     166,     195,     183,     210,     230,     206,     200,     252,     214,     151,     101,      75,      96,"   2,279","       2,657"
Webster,03160000,     135,     128,     153,     139,     138,     149,     135,     142,     159,      66,      75,      63,      83,"   1,565","       1,708"
Wellesley,03170000,     268,     282,     282,     322,     270,     305,     293,     317,     288,     227,     193,     168,     163,"   3,378","       3,921"
Wellfleet,03180000,       6,       7,      13,      20,      18,      16,,,,,,,,      80,          80
West Boylston,03220000,      75,      66,      71,      78,      60,      74,      75,      73,      66,      40,      42,      45,      36,     801,         881
West Bridgewater,03230000,       0,     102,     101,      96,     126,     102,     113,     104,     111,     100,      95,      92,      69,"   1,211","       1,346"
West Springfield,03320000,     237,     260,     289,     267,     305,     297,     277,     276,     287,     266,     192,     218,     133,"   3,304","       3,830"
Westborough,03210000,     220,     270,     250,     297,     264,     293,     281,     311,     299,     139,     140,     136,     177,"   3,077","       3,707"
Westfield,03250000,     297,     281,     313,     338,     334,     355,     369,     322,     359,     164,     194,     185,     154,"   3,665","       4,554"
Westford,03260000,     272,     286,     331,     313,     357,     349,     363,     364,     359,     263,     233,     153,     175,"   3,818","       4,532"
Westhampton,03270000,      10,       8,      16,      13,      11,      10,      14,,,,,,,      82,          82
Weston,03300000,     133,     121,     172,     166,     161,     158,     162,     136,     160,     155,     141,     120,      79,"   1,864","       2,034"
Westport,03310000,     106,     119,     116,     113,     113,     121,     129,     122,     126,      68,      59,      43,      48,"   1,283","       1,455"
Westwood,03350000,     203,     235,     214,     226,     233,     190,     235,     224,     205,     184,     168,      89,     131,"   2,537","       2,804"
Weymouth,03360000,     438,     452,     437,     436,     441,     404,     382,     399,     399,     145,     147,     103,     149,"   4,332","       5,537"
Whately,03370000,      19,      16,      19,      13,      15,      16,      17,,,,,,,     115,         115
Whitman-Hanson,07800000,     251,     263,     238,     275,     237,     274,     235,     263,     285,     105,     141,     128,     177,"   2,872","       3,343"
Whittier Regional Vocational Technical,08850000,,,,,,,,,,       2,       9,     153,     135,     299,"       1,301"
Williamsburg,03400000,      13,      16,      13,      18,       9,      19,      17,,,,,,,     105,         105
Wilmington,03420000,     215,     207,     237,     225,     234,     237,     220,     264,     201,     134,     111,     127,     122,"   2,534","       2,680"
Winchendon,03430000,      77,      83,     112,     114,      90,      92,      95,      98,      92,      51,      52,      49,      50,"   1,055","       1,119"
Winchester,03440000,       0,     311,     302,     329,     297,     380,     331,     324,     342,     230,     193,     166,     126,"   3,331","       4,337"
Winthrop,03460000,     151,     141,     154,     164,     148,     162,     145,     149,     153,     110,      49,      63,      84,"   1,673","       1,961"
Woburn,03470000,     345,     352,     376,     354,     330,     339,     337,     310,     339,     161,     153,     112,     148,"   3,656","       4,366"
Worcester,03480000,"   1,962","   1,892","   1,823","   1,870","   1,601","   1,771","   1,814","   1,517","   1,660",     813,     899,     986,     956,"  19,564","      24,269"
Worcester Cultural Academy Charter Public School (District),35190000,      38,      38,      23,      39,      25,      19,,,,,,,,     182,         182
Worthington,03490000,       9,       8,      11,       6,       9,      13,       5,,,,,,,      61,          61
Wrentham,03500000,     125,     129,     129,     144,     130,     119,     109,,,,,,,     885,         887
State Totals,00000000,"  57,742","  63,527","  64,732","  66,932","  65,268","  66,336","  64,766","  63,972","  62,655","  40,643","  37,056","  33,566","  36,086"," 723,263","     885,779"
