2024 Per Pupil Expenditure,Unnamed: 1,Unnamed: 2,Unnamed: 3,Unnamed: 4,Unnamed: 5,Unnamed: 6,Unnamed: 7
District Name,District Code,In-District Expenditures,Total In-district FTEs,In-District Expenditures per Pupil,Total Expenditures,Total Pupil FTEs,Total Expenditures per Pupil
Abby Kelley Foster Charter Public (District),04450000,"          $25,489,056.09","           1,421.4","              $17,932.99","          $25,489,056.09","           1,421.4","              $17,932.99"
Abington,00010000,"          $36,629,465.76","           2,142.5","              $17,096.69","          $42,261,274.01","           2,287.7","              $18,473.06"
Academy Of the Pacific Rim Charter Public (District),04120000,"          $13,577,682.67",             452.6,"              $29,997.97","          $13,577,682.67",             452.6,"              $29,997.97"
Acton-Boxborough,06000000,"         $107,572,842.40","           5,134.3","              $20,951.62","         $117,221,796.10","           5,256.5","              $22,300.21"
Acushnet,00030000,"          $15,654,209.00",             953.7,"              $16,414.47","          $19,821,813.45","           1,232.5","              $16,082.52"
Advanced Math and Science Academy Charter (District),04300000,"          $15,831,306.42",             965.8,"              $16,392.42","          $15,831,306.42",             965.8,"              $16,392.42"
Agawam,00050000,"          $73,697,806.62","           3,523.0","              $20,918.95","          $80,813,510.40","           3,690.6","              $21,896.84"
Alma del Mar Charter School (District),04090000,"          $18,612,133.52","           1,038.8","              $17,917.30","          $18,612,133.52","           1,038.8","              $17,917.30"
Amesbury,00070000,"          $41,319,727.93","           1,817.9","              $22,729.93","          $47,580,888.50","           2,056.6","              $23,135.42"
Amherst,00080000,"          $31,313,934.00","           1,001.5","              $31,267.55","          $34,090,794.30","           1,135.4","              $30,024.74"
Amherst-Pelham,06050000,"          $34,141,149.00","           1,209.3","              $28,231.90","          $38,695,548.18","           1,356.0","              $28,536.40"
Andover,00090000,"         $129,211,369.60","           5,488.2","              $23,543.37","         $136,436,312.20","           5,582.3","              $24,441.06"
Argosy Collegiate Charter School (District),35090000,"          $11,761,569.64",             566.6,"              $20,759.62","          $11,761,569.64",             566.6,"              $20,759.62"
Arlington,00100000,"         $120,526,337.60","           6,065.0","              $19,872.40","         $126,628,028.00","           6,162.2","              $20,549.22"
Ashburnham-Westminster,06100000,"          $36,415,193.29","           2,246.7","              $16,208.58","          $39,596,745.71","           2,335.7","              $16,952.56"
Ashland,00140000,"          $48,750,931.08","           2,914.8","              $16,725.12","          $53,207,414.57","           2,968.8","              $17,922.30"
Assabet Valley Regional Vocational Technical,08010000,"          $31,780,934.07","           1,098.5","              $28,932.09","          $31,848,954.27","           1,101.2","              $28,921.34"
Athol-Royalston,06150000,"          $30,989,939.00","           1,632.6","              $18,981.76","          $35,648,472.42","           1,887.2","              $18,889.79"
Atlantis Charter (District),04910000,"          $21,697,089.00","           1,257.8","              $17,249.89","          $21,697,089.00","           1,257.8","              $17,249.89"
Attleboro,00160000,"         $109,817,146.40","           6,039.3","              $18,183.84","         $118,401,168.80","           6,404.6","              $18,486.93"
Auburn,00170000,"          $43,762,369.67","           2,487.8","              $17,590.48","          $45,098,538.21","           2,536.2","              $17,782.16"
Avon,00180000,"          $15,005,320.00",             737.4,"              $20,350.34","          $16,139,567.00",             771.4,"              $20,921.17"
Ayer Shirley School District,06160000,"          $31,930,215.21","           1,703.9","              $18,739.49","          $36,220,909.64","           1,905.0","              $19,013.92"
Barnstable,00200000,"         $110,726,896.20","           4,805.1","              $23,043.70","         $124,892,852.20","           5,474.4","              $22,813.89"
Baystate Academy Charter Public School (District),35020000,"           $9,077,463.08",             398.2,"              $22,793.95","           $9,077,463.08",             398.2,"              $22,793.95"
Bedford,00230000,"          $59,145,395.00","           2,561.1","              $23,093.55","          $66,387,166.34","           2,612.6","              $25,410.18"
Belchertown,00240000,"          $36,985,235.11","           2,067.8","              $17,886.42","          $40,404,666.93","           2,265.0","              $17,838.71"
Bellingham,00250000,"          $41,854,655.05","           2,018.6","              $20,734.72","          $50,681,157.32","           2,350.9","              $21,558.48"
Belmont,00260000,"          $80,736,654.00","           4,420.1","              $18,265.66","          $95,396,137.24","           4,574.8","              $20,852.48"
Benjamin Banneker Charter Public (District),04200000,"           $7,523,015.23",             343.7,"              $21,888.96","           $7,523,015.23",             343.7,"              $21,888.96"
Benjamin Franklin Classical Charter Public (District),04470000,"          $15,980,544.00",             886.3,"              $18,030.22","          $15,980,544.00",             886.3,"              $18,030.22"
Berkley,00270000,"          $13,565,369.00",             845.0,"              $16,054.32","          $13,927,700.03",             861.9,"              $16,159.86"
Berkshire Arts and Technology Charter Public (District),04140000,"           $8,149,847.65",             362.3,"              $22,492.27","           $8,149,847.65",             362.3,"              $22,492.27"
Berkshire Hills,06180000,"          $35,532,031.15","           1,174.4","              $30,255.48","          $39,357,790.27","           1,291.3","              $30,479.20"
Berlin-Boylston,06200000,"          $21,750,000.00","           1,096.7","              $19,832.32","          $24,479,577.03","           1,166.3","              $20,989.43"
Beverly,00300000,"          $84,199,902.00","           4,528.2","              $18,594.61","          $94,776,730.31","           4,712.3","              $20,112.43"
Billerica,00310000,"          $97,393,135.71","           4,932.8","              $19,744.01","         $109,268,710.60","           5,159.7","              $21,177.39"
Blackstone Valley Regional Vocational Technical,08050000,"          $31,946,056.99","           1,243.5","              $25,689.86","          $31,964,956.99","           1,247.3","              $25,627.16"
Blackstone-Millville,06220000,"          $27,043,183.00","           1,451.5","              $18,631.84","          $31,394,723.47","           1,666.9","              $18,834.31"
Blue Hills Regional Vocational Technical,08060000,"          $24,296,992.03",             891.8,"              $27,244.72","          $24,296,992.03",             891.8,"              $27,244.72"
Boston,00350000,"       $1,654,097,163.00","          47,146.9","              $35,083.89","       $2,043,435,201.00","          60,359.9","              $33,854.18"
Boston Collegiate Charter (District),04490000,"          $16,528,910.89",             693.7,"              $23,828.20","          $16,528,910.89",             693.7,"              $23,828.20"
Boston Day and Evening Academy Charter (District),04240000,"           $8,553,315.69",             287.7,"              $29,729.63","           $8,553,315.69",             287.7,"              $29,729.63"
Boston Green Academy Horace Mann Charter School (District),04110000,"          $10,287,833.47",             441.7,"              $23,293.33","          $10,287,833.47",             441.7,"              $23,293.33"
Boston Preparatory Charter Public (District),04160000,"          $18,891,189.64",             695.8,"              $27,148.75","          $18,891,189.64",             695.8,"              $27,148.75"
Boston Renaissance Charter Public (District),04810000,"          $21,376,286.00",             937.8,"              $22,794.56","          $21,376,286.00",             937.8,"              $22,794.56"
Bourne,00360000,"          $37,933,450.94","           1,543.9","              $24,569.62","          $43,904,791.33","           1,817.3","              $24,159.93"
Boxford,00380000,"          $16,530,927.00",             767.7,"              $21,534.46","          $17,524,881.00",             778.5,"              $22,511.25"
Braintree,00400000,"         $103,873,561.30","           5,313.5","              $19,549.01","         $113,517,385.50","           5,449.9","              $20,829.08"
Brewster,00410000,"          $12,033,209.00",             436.2,"              $27,588.21","          $12,263,205.81",             454.2,"              $27,000.89"
Bridge Boston Charter School (District),04170000,"          $10,688,598.46",             334.2,"              $31,986.47","          $10,688,598.46",             334.2,"              $31,986.47"
Bridgewater-Raynham,06250000,"          $90,799,787.39","           5,630.9","              $16,125.14","          $98,552,168.51","           5,871.9","              $16,783.64"
Brimfield,00430000,"           $5,803,580.46",             285.0,"              $20,363.44","           $6,516,165.00",             299.4,"              $21,767.71"
Bristol County Agricultural,09100000,"          $14,560,298.64",             581.8,"              $25,028.21","          $14,560,298.64",             581.8,"              $25,028.21"
Bristol-Plymouth Regional Vocational Technical,08100000,"          $32,213,555.20","           1,300.3","              $24,773.41","          $32,288,054.19","           1,311.3","              $24,622.41"
Brockton,00440000,"         $306,932,564.60","          15,076.6","              $20,358.22","         $356,258,772.30","          17,184.7","              $20,731.11"
Brooke Charter School (District),04280000,"          $51,579,496.19","           2,210.5","              $23,333.96","          $51,579,496.19","           2,210.5","              $23,333.96"
Brookfield,00450000,"           $4,784,202.78",             301.1,"              $15,886.74","           $5,583,276.19",             314.4,"              $17,757.13"
Brookline,00460000,"         $187,685,858.00","           7,034.0","              $26,682.66","         $197,687,064.20","           7,120.0","              $27,765.05"
Burlington,00480000,"          $88,964,890.00","           3,544.2","              $25,101.58","         $101,223,928.90","           3,650.1","              $27,731.65"
Cambridge,00490000,"         $256,862,782.20","           6,952.1","              $36,947.63","         $296,380,635.10","           7,558.3","              $39,212.47"
Canton,00500000,"          $68,465,342.54","           3,264.7","              $20,971.12","          $78,911,626.06","           3,352.4","              $23,538.86"
Cape Cod Lighthouse Charter (District),04320000,"           $4,190,035.70",             249.8,"              $16,776.92","           $4,190,035.70",             249.8,"              $16,776.92"
Cape Cod Regional Vocational Technical,08150000,"          $18,621,448.00",             648.1,"              $28,730.40","          $18,651,585.90",             652.5,"              $28,585.49"
Carlisle,00510000,"          $14,744,260.00",             605.4,"              $24,354.13","          $15,164,201.00",             612.4,"              $24,761.47"
Carver,00520000,"          $28,957,473.90","           1,504.5","              $19,247.31","          $33,625,247.59","           1,620.5","              $20,749.61"
Central Berkshire,06350000,"          $31,347,827.00","           1,585.9","              $19,766.93","          $35,432,628.42","           1,786.6","              $19,832.87"
Chelmsford,00560000,"          $89,278,159.40","           5,137.8","              $17,376.80","          $99,650,306.34","           5,345.8","              $18,640.78"
Chelsea,00570000,"         $139,364,192.80","           6,184.2","              $22,535.44","         $178,021,304.80","           7,293.8","              $24,407.20"
Chesterfield-Goshen,06320000,"           $3,049,682.01",             137.5,"              $22,179.51","           $3,140,483.08",             151.6,"              $20,719.99"
Chicopee,00610000,"         $156,259,904.90","           6,833.9","              $22,865.28","         $169,003,424.00","           7,529.7","              $22,444.84"
Christa McAuliffe Charter School (District),04180000,"           $6,699,895.00",             290.6,"              $23,053.01","           $6,699,895.00",             290.6,"              $23,053.01"
City on a Hill Charter Public School (District),04370000,"           $6,638,832.22",             188.7,"              $35,180.08","           $6,638,832.22",             188.7,"              $35,180.08"
Clarksburg,00630000,"           $3,136,041.09",             208.0,"              $15,078.73","           $4,096,021.82",             262.4,"              $15,609.64"
Clinton,00640000,"          $36,909,737.62","           1,993.8","              $18,512.41","          $43,635,355.98","           2,237.2","              $19,504.26"
Codman Academy Charter Public (District),04380000,"          $11,192,024.30",             339.9,"              $32,927.40","          $11,192,024.30",             339.9,"              $32,927.40"
Cohasset,00650000,"          $32,184,950.75","           1,429.4","              $22,516.49","          $35,254,149.68","           1,461.7","              $24,119.42"
Collegiate Charter School of Lowell (District),35030000,"          $17,262,190.30","           1,194.0","              $14,457.32","          $17,262,190.30","           1,194.0","              $14,457.32"
Community Charter School of Cambridge (District),04360000,"           $8,270,435.79",             259.3,"              $31,890.32","           $8,270,435.79",             259.3,"              $31,890.32"
Community Day Charter Public School (District),04400000,"          $24,983,890.00","           1,197.5","              $20,863.55","          $24,983,890.00","           1,197.5","              $20,863.55"
Concord,00670000,"          $53,510,535.18","           1,987.4","              $26,925.35","          $55,636,031.76","           2,011.6","              $27,657.97"
Concord-Carlisle,06400000,"          $34,725,127.91","           1,213.0","              $28,628.00","          $38,630,802.16","           1,258.0","              $30,708.57"
Conservatory Lab Charter (District),04390000,"          $10,894,555.95",             451.7,"              $24,121.68","          $10,894,555.95",             451.7,"              $24,121.68"
Conway,00680000,"           $3,953,158.42",             146.1,"              $27,057.89","           $4,028,940.21",             154.8,"              $26,021.33"
Danvers,00710000,"          $65,157,358.18","           3,304.8","              $19,716.21","          $74,994,769.16","           3,451.5","              $21,728.28"
Dartmouth,00720000,"          $61,546,955.50","           3,394.6","              $18,131.08","          $67,798,926.27","           3,506.5","              $19,335.48"
Dedham,00730000,"          $66,912,680.41","           2,674.0","              $25,023.02","          $76,095,598.41","           2,805.0","              $27,128.50"
Deerfield,00740000,"           $7,720,685.60",             316.7,"              $24,381.11","           $8,229,487.71",             354.7,"              $23,199.37"
Dennis-Yarmouth,06450000,"          $71,521,788.95","           2,976.8","              $24,026.58","          $82,082,302.82","           3,477.7","              $23,602.49"
Dighton-Rehoboth,06500000,"          $47,064,873.00","           2,584.9","              $18,207.74","          $50,237,123.62","           2,683.6","              $18,720.05"
Douglas,00770000,"          $20,986,631.32","           1,130.0","              $18,571.97","          $23,761,987.83","           1,206.6","              $19,693.63"
Dover,00780000,"          $11,523,087.00",             508.7,"              $22,652.52","          $13,790,614.00",             517.7,"              $26,638.81"
Dover-Sherborn,06550000,"          $28,456,242.00","           1,124.0","              $25,317.69","          $30,157,182.62","           1,152.5","              $26,166.58"
Dracut,00790000,"          $56,321,075.00","           3,588.6","              $15,694.54","          $65,257,621.69","           3,960.8","              $16,476.04"
Dudley Street Neighborhood Charter School (District),04070000,"           $7,031,439.08",             333.3,"              $21,093.45","           $7,031,439.08",             333.3,"              $21,093.45"
Dudley-Charlton Reg,06580000,"          $57,966,230.00","           3,478.1","              $16,665.90","          $62,704,492.11","           3,568.4","              $17,572.38"
Duxbury,00820000,"          $55,110,417.30","           2,739.8","              $20,114.92","          $58,606,888.76","           2,786.2","              $21,034.41"
East Bridgewater,00830000,"          $35,375,399.54","           2,010.8","              $17,592.80","          $38,591,739.57","           2,106.9","              $18,317.20"
East Longmeadow,00870000,"          $48,664,400.34","           2,502.7","              $19,444.76","          $53,179,205.82","           2,599.8","              $20,454.97"
Eastham,00850000,"           $5,522,382.00",             179.4,"              $30,787.28","           $5,979,840.99",             216.3,"              $27,641.93"
Easthampton,00860000,"          $24,386,250.69","           1,403.7","              $17,372.49","          $31,513,810.75","           1,711.7","              $18,410.60"
Easton,00880000,"          $59,101,700.49","           3,390.8","              $17,430.16","          $63,770,117.79","           3,482.5","              $18,311.40"
Edgartown,00890000,"          $13,236,778.53",             391.1,"              $33,847.40","          $14,303,227.50",             442.6,"              $32,315.48"
Edward M. Kennedy Academy for Health Careers: A Horace Mann Charter Public School (District),04520000,"          $13,487,127.00",             367.6,"              $36,693.02","          $13,487,127.00",             367.6,"              $36,693.02"
Erving,00910000,"           $4,242,453.00",             122.7,"              $34,567.99","           $6,172,211.83",             207.8,"              $29,703.61"
Essex North Shore Agricultural and Technical School District,08170000,"          $40,319,722.29","           1,703.4","              $23,669.83","          $40,982,553.88","           1,716.8","              $23,871.03"
Everett,00930000,"         $155,574,402.00","           7,416.1","              $20,977.83","         $180,693,040.80","           8,302.0","              $21,764.93"
Excel Academy Charter (District),04100000,"          $33,003,626.00","           1,361.6","              $24,238.68","          $33,003,626.00","           1,361.6","              $24,238.68"
Fairhaven,00940000,"          $30,321,108.28","           1,754.0","              $17,286.73","          $33,262,661.34","           1,821.6","              $18,259.68"
Fall River,00950000,"         $260,922,821.00","          10,880.6","              $23,980.53","         $307,277,447.30","          13,005.7","              $23,626.33"
Falmouth,00960000,"          $73,278,951.00","           2,907.2","              $25,206.22","          $79,798,957.02","           3,129.7","              $25,496.98"
Farmington River Reg,06620000,"           $5,910,803.84",             127.6,"              $46,333.00","           $8,120,076.88",             253.5,"              $32,033.27"
Fitchburg,00970000,"         $107,395,145.50","           5,147.0","              $20,865.76","         $128,755,298.50","           5,895.3","              $21,840.48"
Florida,00980000,"           $1,988,284.79",              85.8,"              $23,174.98","           $2,080,922.79",              94.0,"              $22,127.01"
Four Rivers Charter Public (District),04130000,"           $4,253,832.00",             213.0,"              $19,975.73","           $4,253,832.00",             213.0,"              $19,975.73"
Foxborough,00990000,"          $52,992,039.12","           2,512.2","              $21,094.30","          $58,602,548.75","           2,654.5","              $22,076.74"
Foxborough Regional Charter (District),04460000,"          $25,616,096.59","           1,508.3","              $16,982.97","          $25,616,096.59","           1,508.3","              $16,982.97"
Framingham,01000000,"         $217,541,908.50","           9,208.8","              $23,623.19","         $250,768,560.70","           9,874.0","              $25,396.80"
Francis W. Parker Charter Essential (District),04780000,"           $6,944,195.46",             366.9,"              $18,928.73","           $6,944,195.46",             366.9,"              $18,928.73"
Franklin,01010000,"          $84,383,185.95","           4,672.3","              $18,060.20","          $99,659,684.01","           5,133.5","              $19,413.67"
Franklin County Regional Vocational Technical,08180000,"          $16,079,095.59",             596.3,"              $26,963.27","          $16,094,899.21",             599.3,"              $26,856.91"
Freetown-Lakeville,06650000,"          $44,301,554.58","           2,686.1","              $16,493.13","          $48,422,605.36","           2,800.4","              $17,291.10"
Frontier,06700000,"          $13,174,662.91",             602.1,"              $21,880.99","          $14,986,743.58",             656.3,"              $22,836.25"
Gardner,01030000,"          $44,437,932.46","           2,470.5","              $17,987.18","          $49,709,382.83","           2,681.4","              $18,538.65"
Gateway,06720000,"          $18,804,416.53",             739.5,"              $25,430.08","          $20,842,281.95",             846.6,"              $24,619.65"
Georgetown,01050000,"          $23,744,864.00","           1,257.4","              $18,884.35","          $26,341,120.22","           1,311.2","              $20,089.97"
Gill-Montague,06740000,"          $23,704,971.20",             899.8,"              $26,345.85","          $26,964,391.73","           1,127.2","              $23,921.83"
Global Learning Charter Public (District),04960000,"           $9,340,235.00",             499.6,"              $18,695.43","           $9,340,235.00",             499.6,"              $18,695.43"
Gloucester,01070000,"          $66,215,844.29","           2,921.7","              $22,663.38","          $74,223,992.36","           3,221.6","              $23,039.33"
Grafton,01100000,"          $49,743,165.15","           3,089.6","              $16,100.43","          $54,882,378.49","           3,188.8","              $17,211.22"
Granby,01110000,"          $13,090,942.79",             695.4,"              $18,824.75","          $15,325,431.51",             781.3,"              $19,616.19"
Greater Commonwealth Virtual District,39010000,"          $16,658,908.82","           1,204.3","              $13,832.40","          $16,658,908.82","           1,204.3","              $13,832.40"
Greater Fall River Regional Vocational Technical,08210000,"          $36,943,601.00","           1,427.9","              $25,872.48","          $37,006,899.86","           1,440.0","              $25,699.04"
Greater Lawrence Regional Vocational Technical,08230000,"          $53,213,624.00","           1,742.7","              $30,534.67","          $53,337,423.12","           1,747.2","              $30,527.41"
Greater Lowell Regional Vocational Technical,08280000,"          $61,838,892.00","           2,297.4","              $26,917.16","          $61,892,491.44","           2,307.4","              $26,823.74"
Greater New Bedford Regional Vocational Technical,08250000,"          $61,919,117.93","           2,127.1","              $29,109.19","          $61,965,733.25","           2,135.6","              $29,015.70"
Greenfield,01140000,"          $33,786,934.85","           1,394.0","              $24,237.21","          $41,494,116.51","           1,869.4","              $22,195.91"
Groton-Dunstable,06730000,"          $48,715,326.38","           2,324.2","              $20,960.19","          $53,277,484.38","           2,418.2","              $22,031.45"
Hadley,01170000,"          $12,984,207.50",             515.8,"              $25,173.49","          $14,925,104.75",             623.7,"              $23,928.88"
Halifax,01180000,"           $9,342,368.00",             548.8,"              $17,023.44","          $12,456,355.00",             614.7,"              $20,263.75"
Hamilton-Wenham,06750000,"          $37,036,134.61","           1,660.6","              $22,303.46","          $42,069,615.98","           1,714.3","              $24,540.09"
Hampden Charter School of Science East (District),04990000,"           $9,737,298.00",             540.4,"              $18,017.69","           $9,737,298.00",             540.4,"              $18,017.69"
Hampden Charter School of Science West (District),35160000,"           $7,382,443.00",             392.2,"              $18,823.16","           $7,382,443.00",             392.2,"              $18,823.16"
Hampden-Wilbraham,06800000,"          $52,686,126.00","           2,858.0","              $18,434.79","          $57,234,888.76","           2,950.4","              $19,398.99"
Hampshire,06830000,"          $15,349,671.41",             685.0,"              $22,407.01","          $17,839,977.19",             770.5,"              $23,152.36"
Hancock,01210000,"           $1,232,507.65",              56.4,"              $21,835.77","           $2,533,237.96",             105.5,"              $24,001.37"
Hanover,01220000,"          $43,830,395.34","           2,605.4","              $16,823.16","          $48,662,406.75","           2,692.2","              $18,075.28"
Harvard,01250000,"          $23,466,075.00","           1,012.8","              $23,169.38","          $27,130,865.00","           1,072.1","              $25,306.23"
Hatfield,01270000,"           $8,227,483.00",             332.4,"              $24,752.58","           $9,287,562.61",             412.1,"              $22,535.15"
Haverhill,01280000,"         $157,025,892.00","           7,996.0","              $19,638.11","         $177,517,005.20","           8,721.9","              $20,353.02"
Hawlemont,06850000,"           $2,755,375.13",              66.9,"              $41,169.38","           $3,140,927.05",             107.8,"              $29,149.53"
Helen Y. Davis Leadership Academy Charter Public (District),04190000,"           $3,330,708.96",              88.3,"              $37,720.37","           $3,330,708.96",              88.3,"              $37,720.37"
Hill View Montessori Charter Public (District),04550000,"           $5,298,444.56",             305.6,"              $17,339.54","           $5,298,444.56",             305.6,"              $17,339.54"
Hilltown Cooperative Charter Public (District),04500000,"           $3,705,138.69",             217.5,"              $17,037.47","           $3,705,138.69",             217.5,"              $17,037.47"
Hingham,01310000,"          $75,344,741.06","           3,679.1","              $20,479.31","          $81,645,281.89","           3,738.8","              $21,837.40"
Holbrook,01330000,"          $23,230,946.43","           1,322.4","              $17,566.67","          $26,880,636.72","           1,422.8","              $18,892.49"
Holland,01350000,"           $3,691,814.15",             227.2,"              $16,251.17","           $4,397,863.32",             234.4,"              $18,761.24"
Holliston,01360000,"          $46,206,138.40","           2,740.7","              $16,859.28","          $54,683,822.49","           2,861.4","              $19,110.65"
Holyoke,01370000,"         $121,052,830.90","           4,898.9","              $24,710.35","         $152,926,671.40","           6,164.7","              $24,807.01"
Holyoke Community Charter (District),04530000,"          $14,399,816.00",             694.9,"              $20,721.54","          $14,399,816.00",             694.9,"              $20,721.54"
Hoosac Valley Regional,06030000,"          $22,509,926.80","           1,002.7","              $22,449.81","          $25,173,210.59","           1,239.9","              $20,301.94"
Hopedale,01380000,"          $20,544,144.00","           1,114.1","              $18,440.49","          $22,235,656.88","           1,160.2","              $19,165.70"
Hopkinton,01390000,"          $72,727,145.94","           4,199.5","              $17,317.87","          $77,969,648.42","           4,257.1","              $18,315.15"
Hudson,01410000,"          $53,175,233.64","           2,390.7","              $22,242.12","          $62,713,516.33","           2,672.0","              $23,470.90"
Hull,01420000,"          $23,427,233.66",             752.3,"              $31,138.97","          $25,181,180.73",             791.3,"              $31,820.71"
Innovation Academy Charter (District),04350000,"          $14,435,529.00",             790.5,"              $18,260.34","          $14,435,529.00",             790.5,"              $18,260.34"
Ipswich,01440000,"          $40,045,082.00","           1,613.9","              $24,812.87","          $42,601,807.76","           1,673.8","              $25,451.41"
KIPP Academy Boston Charter School (District),04630000,"          $17,391,067.14",             597.9,"              $29,085.94","          $17,391,067.14",             597.9,"              $29,085.94"
KIPP Academy Lynn Charter (District),04290000,"          $34,246,623.48","           1,613.1","              $21,229.92","          $34,246,623.48","           1,613.1","              $21,229.92"
King Philip,06900000,"          $39,494,489.86","           1,852.9","              $21,315.47","          $46,511,548.59","           1,977.5","              $23,520.95"
Kingston,01450000,"          $15,410,513.00","           1,282.0","              $12,020.68","          $20,874,863.00","           1,332.8","              $15,662.02"
Lawrence,01490000,"         $313,010,435.60","          13,351.5","              $23,443.90","         $364,032,614.60","          15,499.6","              $23,486.62"
Lawrence Family Development Charter (District),04540000,"          $17,194,470.75",             878.8,"              $19,566.97","          $17,194,470.75",             878.8,"              $19,566.97"
Learning First Charter Public School (District),04860000,"          $12,587,364.81",             667.8,"              $18,849.00","          $12,587,364.81",             667.8,"              $18,849.00"
Lee,01500000,"          $15,540,914.00",             643.4,"              $24,154.78","          $17,045,831.08",             745.9,"              $22,851.92"
Leicester,01510000,"          $25,072,178.09","           1,297.1","              $19,329.08","          $30,642,641.37","           1,497.3","              $20,464.61"
Lenox,01520000,"          $18,656,117.00",             779.1,"              $23,945.22","          $19,606,638.70",             814.1,"              $24,084.74"
Leominster,01530000,"         $113,294,283.30","           6,007.0","              $18,860.45","         $125,393,434.30","           6,393.9","              $19,611.45"
Leverett,01540000,"           $3,109,768.00",             141.9,"              $21,910.06","           $3,127,894.00",             145.4,"              $21,519.25"
Lexington,01550000,"         $178,521,640.50","           6,828.4","              $26,144.06","         $193,203,807.20","           6,941.8","              $27,831.89"
Libertas Academy Charter School (District),35140000,"           $9,706,225.70",             503.9,"              $19,261.06","           $9,706,225.70",             503.9,"              $19,261.06"
Lincoln,01570000,"          $32,200,723.61","           1,034.2","              $31,135.71","          $35,212,044.13","           1,070.8","              $32,882.98"
Lincoln-Sudbury,06950000,"          $34,755,630.00","           1,437.2","              $24,182.78","          $42,619,589.60","           1,495.2","              $28,504.29"
Littleton,01580000,"          $30,764,510.48","           1,667.7","              $18,446.78","          $34,794,940.60","           1,762.5","              $19,741.36"
Longmeadow,01590000,"          $49,174,721.91","           2,776.9","              $17,708.39","          $53,534,359.28","           2,826.5","              $18,939.86"
Lowell,01600000,"         $322,474,271.90","          14,517.8","              $22,212.37","         $378,397,226.80","          17,133.9","              $22,084.74"
Lowell Community Charter Public (District),04560000,"          $19,757,017.11",             813.5,"              $24,287.33","          $19,757,017.11",             813.5,"              $24,287.33"
Lowell Middlesex Academy Charter (District),04580000,"           $2,043,689.00",             112.0,"              $18,252.11","           $2,043,689.00",             112.0,"              $18,252.11"
Ludlow,01610000,"          $44,856,703.00","           2,251.0","              $19,927.70","          $50,961,278.57","           2,376.6","              $21,443.04"
Lunenburg,01620000,"          $26,914,321.89","           1,580.5","              $17,028.81","          $29,576,884.93","           1,680.4","              $17,601.06"
Lynn,01630000,"         $361,490,566.00","          16,296.3","              $22,182.43","         $417,050,707.30","          18,628.2","              $22,388.18"
Lynnfield,01640000,"          $42,474,881.78","           2,200.8","              $19,299.75","          $45,814,647.78","           2,238.6","              $20,466.00"
Malden,01650000,"         $127,616,493.00","           6,272.2","              $20,346.48","         $151,003,339.70","           7,014.3","              $21,528.02"
Manchester Essex Regional,06980000,"          $30,028,892.00","           1,195.4","              $25,121.42","          $33,636,823.84","           1,227.8","              $27,395.09"
Mansfield,01670000,"          $72,321,864.85","           3,347.3","              $21,606.21","          $79,100,587.77","           3,457.4","              $22,878.50"
Map Academy Charter School (District),35170000,"           $5,852,118.79",             278.6,"              $21,004.70","           $5,852,118.79",             278.6,"              $21,004.70"
Marblehead,01680000,"          $54,179,518.03","           2,612.0","              $20,742.54","          $59,950,402.39","           2,728.5","              $21,971.61"
Marblehead Community Charter Public (District),04640000,"           $3,547,512.00",             174.0,"              $20,386.83","           $3,547,512.00",             174.0,"              $20,386.83"
Marion,01690000,"           $8,419,136.00",             375.8,"              $22,400.59","           $9,179,163.00",             389.0,"              $23,595.14"
Marlborough,01700000,"          $96,901,700.65","           4,810.9","              $20,141.95","         $113,364,998.10","           5,571.9","              $20,345.80"
Marshfield,01710000,"          $71,490,755.80","           3,668.6","              $19,487.03","          $76,490,761.52","           3,769.2","              $20,293.64"
Martha's Vineyard,07000000,"          $28,301,378.00",             734.6,"              $38,526.83","          $32,040,255.00",             778.8,"              $41,142.71"
Martha's Vineyard Charter Public School (District),04660000,"           $6,128,086.53",             177.9,"              $34,456.49","           $6,128,086.53",             177.9,"              $34,456.49"
"Martin Luther King, Jr. Charter School of Excellence (District)",04920000,"           $7,309,182.17",             357.4,"              $20,448.70","           $7,309,182.17",             357.4,"              $20,448.70"
Masconomet,07050000,"          $37,998,869.10","           1,514.9","              $25,083.05","          $43,763,601.02","           1,595.7","              $27,426.47"
Mashpee,01720000,"          $35,105,403.71","           1,435.5","              $24,455.84","          $38,479,651.02","           1,593.4","              $24,148.93"
Match Charter Public School (District),04690000,"          $37,549,911.00","           1,157.6","              $32,438.85","          $37,549,911.00","           1,157.6","              $32,438.85"
Mattapoisett,01730000,"          $10,078,626.00",             389.1,"              $25,900.93","          $10,694,308.63",             398.7,"              $26,823.69"
Maynard,01740000,"          $29,128,979.04","           1,218.4","              $23,906.80","          $33,934,811.69","           1,384.8","              $24,505.40"
Medfield,01750000,"          $49,988,382.10","           2,486.0","              $20,107.96","          $52,369,483.10","           2,507.3","              $20,886.94"
Medford,01760000,"          $94,136,254.16","           4,159.7","              $22,630.66","         $108,100,078.30","           4,624.0","              $23,377.91"
Medway,01770000,"          $39,540,845.00","           2,180.4","              $18,134.95","          $43,630,240.31","           2,283.1","              $19,109.68"
Melrose,01780000,"          $61,793,510.15","           3,911.4","              $15,798.29","          $72,275,906.41","           4,257.4","              $16,976.51"
Mendon-Upton,07100000,"          $42,141,747.00","           2,073.5","              $20,324.13","          $46,192,266.18","           2,161.0","              $21,375.71"
Methuen,01810000,"         $120,926,931.20","           6,602.6","              $18,314.99","         $144,742,928.50","           7,092.0","              $20,409.20"
Middleborough,01820000,"          $58,287,141.96","           2,983.6","              $19,536.17","          $63,586,845.50","           3,169.2","              $20,064.07"
Middleton,01840000,"          $16,258,412.00",             725.9,"              $22,396.22","          $16,995,031.00",             735.4,"              $23,109.91"
Milford,01850000,"          $92,973,930.52","           4,431.5","              $20,980.45","         $105,451,914.40","           4,914.4","              $21,457.73"
Millbury,01860000,"          $33,148,289.80","           1,658.1","              $19,991.20","          $36,539,063.61","           1,746.8","              $20,917.87"
Millis,01870000,"          $24,933,000.24","           1,180.4","              $21,123.30","          $27,271,545.52","           1,225.2","              $22,257.96"
Milton,01890000,"          $82,745,697.18","           4,324.6","              $19,133.62","          $91,948,508.57","           4,404.1","              $20,877.78"
Minuteman Regional Vocational Technical,08300000,"          $24,805,529.00",             667.3,"              $37,170.81","          $24,973,005.00",             669.3,"              $37,309.96"
Mohawk Trail,07170000,"          $21,827,084.89",             804.8,"              $27,120.94","          $25,210,192.19",             950.6,"              $26,521.01"
Monomoy Regional School District,07120000,"          $44,299,178.00","           1,731.4","              $25,585.84","          $47,684,968.69","           1,869.2","              $25,510.43"
Monson,01910000,"          $18,314,922.00",             807.8,"              $22,674.00","          $20,772,882.85",             910.0,"              $22,827.26"
Montachusett Regional Vocational Technical,08320000,"          $36,386,360.18","           1,426.8","              $25,501.68","          $36,639,398.60","           1,471.0","              $24,907.27"
Mount Greylock,07150000,"          $26,194,818.33","           1,206.9","              $21,704.52","          $27,566,960.68","           1,268.7","              $21,729.20"
Mystic Valley Regional Charter (District),04700000,"          $24,155,324.00","           1,654.4","              $14,600.74","          $24,155,324.00","           1,654.4","              $14,600.74"
Nahant,01960000,"           $3,413,858.00",             152.4,"              $22,405.54","           $6,202,911.00",             270.7,"              $22,912.46"
Nantucket,01970000,"          $48,745,738.00","           1,681.2","              $28,994.23","          $50,629,867.00","           1,693.4","              $29,898.35"
Narragansett,07200000,"          $24,927,559.00","           1,465.6","              $17,008.24","          $27,263,951.22","           1,572.2","              $17,341.35"
Nashoba,07250000,"          $64,905,773.01","           3,039.8","              $21,351.68","          $69,069,475.13","           3,179.7","              $21,722.26"
Nashoba Valley Regional Vocational Technical,08520000,"          $18,306,030.93",             760.2,"              $24,079.84","          $18,313,603.55",             761.6,"              $24,045.84"
Natick,01980000,"         $107,569,766.60","           5,314.7","              $20,239.94","         $118,488,824.40","           5,442.2","              $21,772.31"
Nauset,06600000,"          $35,164,389.00","           1,211.1","              $29,035.35","          $41,798,584.78","           1,411.6","              $29,611.16"
Needham,01990000,"         $131,859,100.70","           5,570.5","              $23,670.80","         $141,258,053.00","           5,666.6","              $24,928.34"
Neighborhood House Charter (District),04440000,"          $20,817,754.00",             836.6,"              $24,885.25","          $20,817,754.00",             836.6,"              $24,885.25"
New Bedford,02010000,"         $292,262,543.50","          12,612.0","              $23,173.40","         $336,914,971.40","          14,587.3","              $23,096.45"
New Heights Charter School of Brockton (District),35130000,"          $15,135,816.41",             731.8,"              $20,682.15","          $15,135,816.41",             731.8,"              $20,682.15"
New Salem-Wendell,07280000,"           $3,792,417.00",             137.7,"              $27,551.16","           $3,869,820.00",             147.7,"              $26,209.41"
Newburyport,02040000,"          $47,687,263.52","           2,168.8","              $21,987.91","          $54,141,209.96","           2,330.3","              $23,233.34"
Newton,02070000,"         $301,725,884.40","          11,764.7","              $25,646.73","         $316,628,861.60","          11,918.0","              $26,567.23"
Norfolk,02080000,"          $19,318,739.00","           1,058.1","              $18,258.43","          $20,083,810.00","           1,077.9","              $18,632.25"
Norfolk County Agricultural,09150000,"          $16,151,960.85",             573.7,"              $28,155.66","          $16,151,960.85",             573.7,"              $28,155.66"
North Adams,02090000,"          $31,404,358.02","           1,196.0","              $26,257.58","          $36,918,668.64","           1,447.4","              $25,507.55"
North Andover,02110000,"          $82,145,234.02","           4,533.9","              $18,118.21","          $89,857,917.29","           4,652.8","              $19,312.72"
North Attleborough,02120000,"          $66,192,554.00","           3,988.4","              $16,596.29","          $72,117,826.00","           4,149.7","              $17,379.26"
North Brookfield,02150000,"           $9,404,824.61",             404.5,"              $23,248.90","          $12,153,777.31",             618.9,"              $19,637.04"
North Middlesex,07350000,"          $55,749,317.69","           2,987.3","              $18,662.32","          $65,655,757.64","           3,195.2","              $20,548.10"
North Reading,02170000,"          $47,578,748.01","           2,323.8","              $20,474.69","          $51,712,079.31","           2,378.9","              $21,737.42"
Northampton,02100000,"          $54,903,536.63","           2,562.4","              $21,426.65","          $60,727,331.26","           2,846.2","              $21,336.28"
Northampton-Smith Vocational Agricultural,04060000,"          $17,625,381.38",             561.4,"              $31,395.10","          $17,625,381.38",             561.4,"              $31,395.10"
Northboro-Southboro,07300000,"          $28,851,814.85","           1,193.4","              $24,175.81","          $30,743,960.55","           1,227.7","              $25,042.75"
Northborough,02130000,"          $33,636,412.90","           1,637.3","              $20,543.90","          $36,502,808.82","           1,716.1","              $21,270.27"
Northbridge,02140000,"          $33,697,610.92","           1,875.3","              $17,969.50","          $39,356,844.51","           2,097.8","              $18,760.78"
Northeast Metropolitan Regional Vocational Technical,08530000,"          $36,320,318.12","           1,327.0","              $27,369.45","          $36,330,463.12","           1,328.0","              $27,356.48"
Northern Berkshire Regional Vocational Technical,08510000,"          $13,526,738.00",             491.2,"              $27,536.59","          $13,564,023.34",             496.2,"              $27,334.27"
Norton,02180000,"          $46,609,733.64","           2,395.5","              $19,457.11","          $52,378,688.11","           2,496.8","              $20,978.19"
Norwell,02190000,"          $41,991,817.39","           2,150.6","              $19,525.43","          $46,543,353.03","           2,200.2","              $21,154.10"
Norwood,02200000,"          $75,718,206.00","           3,596.1","              $21,055.94","          $87,948,859.39","           3,764.0","              $23,365.79"
Oak Bluffs,02210000,"          $12,892,017.00",             418.4,"              $30,814.30","          $14,099,716.75",             458.2,"              $30,770.10"
Old Colony Regional Vocational Technical,08550000,"          $14,373,435.00",             545.4,"              $26,355.28","          $14,449,708.00",             550.4,"              $26,254.43"
Old Rochester,07400000,"          $22,566,902.00","           1,039.9","              $21,700.10","          $22,889,575.00","           1,063.7","              $21,518.74"
Old Sturbridge Academy Charter Public School (District),35150000,"           $6,193,334.00",             349.4,"              $17,727.15","           $6,193,334.00",             349.4,"              $17,727.15"
Orange,02230000,"          $11,360,597.00",             520.9,"              $21,807.69","          $12,802,862.96",             593.0,"              $21,590.92"
Orleans,02240000,"           $6,021,523.00",             144.0,"              $41,825.81","           $6,235,225.00",             154.0,"              $40,478.25"
Oxford,02260000,"          $27,028,046.44","           1,487.0","              $18,176.22","          $31,140,684.26","           1,631.6","              $19,086.08"
Palmer,02270000,"          $24,578,476.09","           1,061.5","              $23,154.60","          $29,088,490.03","           1,233.9","              $23,575.39"
Pathfinder Regional Vocational Technical,08600000,"          $17,294,581.21",             631.9,"              $27,370.62","          $17,427,140.79",             647.5,"              $26,913.39"
Peabody,02290000,"         $113,078,477.80","           5,905.6","              $19,147.58","         $128,983,015.40","           6,252.8","              $20,628.20"
Pelham,02300000,"           $2,915,427.00",             126.5,"              $23,039.77","           $2,950,427.00",             135.5,"              $21,768.12"
Pembroke,02310000,"          $45,875,604.51","           2,425.9","              $18,910.97","          $52,492,802.42","           2,562.9","              $20,481.42"
Pentucket,07450000,"          $43,293,083.00","           2,230.3","              $19,411.67","          $49,110,801.46","           2,369.8","              $20,723.55"
Petersham,02340000,"           $2,621,686.00",             133.8,"              $19,590.81","           $2,772,315.00",             140.8,"              $19,686.63"
"Phoenix Academy Charter Public High School, Chelsea (District)",04930000,"           $6,251,264.88",             190.0,"              $32,897.93","           $6,251,264.88",             190.0,"              $32,897.93"
"Phoenix Academy Public Charter High School, Lawrence (District)",35180000,"           $3,388,139.59",             104.4,"              $32,444.12","           $3,388,139.59",             104.4,"              $32,444.12"
"Phoenix Academy Public Charter High School, Springfield (District)",35080000,"           $4,537,600.68",             157.9,"              $28,729.90","           $4,537,600.68",             157.9,"              $28,729.90"
Pioneer Charter School of Science (District),04940000,"          $14,572,577.11",             780.0,"              $18,682.31","          $14,572,577.11",             780.0,"              $18,682.31"
Pioneer Charter School of Science II (District),35060000,"           $9,886,932.41",             565.2,"              $17,492.49","           $9,886,932.41",             565.2,"              $17,492.49"
Pioneer Valley,07500000,"          $15,965,345.00",             580.7,"              $27,491.43","          $17,302,912.10",             664.5,"              $26,037.17"
Pioneer Valley Chinese Immersion Charter (District),04970000,"          $11,121,708.70",             547.9,"              $20,297.31","          $11,121,708.70",             547.9,"              $20,297.31"
Pioneer Valley Performing Arts Charter Public (District),04790000,"           $7,441,103.74",             404.6,"              $18,391.26","           $7,441,103.74",             404.6,"              $18,391.26"
Pittsfield,02360000,"         $117,042,517.00","           4,930.8","              $23,737.16","         $131,559,242.00","           5,805.5","              $22,661.25"
Plainville,02380000,"          $12,873,610.43",             649.1,"              $19,833.69","          $14,019,978.01",             689.8,"              $20,325.98"
Plymouth,02390000,"         $155,139,117.80","           7,011.0","              $22,127.94","         $174,593,621.40","           7,639.4","              $22,854.45"
Plympton,02400000,"           $4,330,976.55",             255.8,"              $16,934.05","           $5,236,541.55",             278.4,"              $18,806.79"
Prospect Hill Academy Charter (District),04870000,"          $22,919,331.81",             911.2,"              $25,154.01","          $22,919,331.81",             911.2,"              $25,154.01"
Provincetown,02420000,"           $7,413,838.02",             139.7,"              $53,061.27","           $7,977,407.00",             159.9,"              $49,884.08"
Quabbin,07530000,"          $42,105,087.41","           2,151.7","              $19,567.94","          $45,793,281.18","           2,261.3","              $20,250.86"
Quaboag Regional,07780000,"          $23,544,949.82","           1,116.3","              $21,091.33","          $26,215,097.60","           1,250.2","              $20,968.46"
Quincy,02430000,"         $198,270,671.60","           9,787.7","              $20,257.11","         $220,394,539.50","          10,093.8","              $21,834.54"
Ralph C Mahar,07550000,"          $14,520,236.00",             500.0,"              $29,040.47","          $17,433,538.01",             621.8,"              $28,036.16"
Randolph,02440000,"          $66,651,636.35","           2,770.7","              $24,056.12","          $79,169,176.95","           3,295.2","              $24,025.87"
Reading,02460000,"          $72,904,178.18","           3,842.4","              $18,973.80","          $79,157,531.40","           3,933.5","              $20,123.77"
Revere,02480000,"         $149,684,383.90","           7,365.1","              $20,323.58","         $181,218,368.70","           8,175.8","              $22,165.30"
Richmond,02490000,"           $4,195,816.18",             157.6,"              $26,630.71","           $5,087,118.36",             210.1,"              $24,217.33"
Rising Tide Charter Public (District),04830000,"          $11,065,680.00",             617.2,"              $17,929.13","          $11,065,680.00",             617.2,"              $17,929.13"
River Valley Charter (District),04820000,"           $5,196,054.78",             287.5,"              $18,072.61","           $5,196,054.78",             287.5,"              $18,072.61"
Rochester,02500000,"           $8,423,213.00",             483.4,"              $17,426.54","           $9,036,552.36",             498.9,"              $18,113.44"
Rockland,02510000,"          $45,236,282.53","           2,138.6","              $21,152.56","          $51,583,097.81","           2,300.6","              $22,421.14"
Rockport,02520000,"          $18,695,879.04",             662.2,"              $28,231.56","          $21,813,768.75",             723.5,"              $30,151.82"
Rowe,02530000,"           $2,055,383.48",              59.9,"              $34,297.68","           $2,729,573.92",              85.9,"              $31,765.09"
Roxbury Preparatory Charter (District),04840000,"          $32,251,621.97","           1,105.4","              $29,176.43","          $32,251,621.97","           1,105.4","              $29,176.43"
Salem,02580000,"          $99,204,878.31","           3,841.6","              $25,823.55","         $115,424,337.90","           4,489.0","              $25,712.55"
Salem Academy Charter (District),04850000,"          $10,049,622.86",             483.3,"              $20,793.33","          $10,049,622.86",             483.3,"              $20,793.33"
Sandwich,02610000,"          $56,041,877.00","           2,119.2","              $26,445.17","          $63,821,526.89","           2,392.2","              $26,678.89"
Saugus,02620000,"          $46,373,943.22","           2,671.8","              $17,356.85","          $57,204,356.55","           3,084.2","              $18,547.35"
Savoy,02630000,"           $1,086,195.32",              47.0,"              $23,099.62","           $1,328,009.12",              62.5,"              $21,255.70"
Scituate,02640000,"          $56,069,349.24","           2,743.8","              $20,434.59","          $60,093,697.66","           2,794.0","              $21,508.37"
Seekonk,02650000,"          $38,476,325.80","           2,059.8","              $18,679.84","          $42,888,870.29","           2,118.5","              $20,244.86"
Sharon,02660000,"          $73,300,915.13","           3,568.5","              $20,541.26","          $80,118,141.94","           3,648.6","              $21,958.86"
Shawsheen Valley Regional Vocational Technical,08710000,"          $38,578,287.85","           1,272.1","              $30,326.46","          $38,589,799.09","           1,273.9","              $30,293.12"
Sherborn,02690000,"           $8,964,068.00",             414.5,"              $21,624.19","           $9,975,794.54",             422.5,"              $23,609.17"
Shrewsbury,02710000,"         $107,596,121.00","           5,927.9","              $18,150.95","         $116,697,433.70","           6,128.9","              $19,040.39"
Shutesbury,02720000,"           $3,017,100.00",             110.2,"              $27,382.54","           $3,267,765.33",             128.7,"              $25,395.82"
Silver Lake,07600000,"          $36,228,373.00","           1,580.2","              $22,926.77","          $37,847,260.79","           1,681.6","              $22,507.17"
Sizer School: A North Central Charter Essential (District),04740000,"           $5,829,226.33",             309.6,"              $18,825.82","           $5,829,226.33",             309.6,"              $18,825.82"
Somerset,02730000,"          $31,705,824.21","           1,609.3","              $19,701.56","          $33,566,773.53","           1,663.7","              $20,176.44"
Somerset Berkley Regional School District,07630000,"          $18,347,588.76",             940.3,"              $19,511.56","          $21,196,129.20",             991.2,"              $21,383.88"
Somerville,02740000,"         $136,354,106.80","           4,974.7","              $27,409.51","         $152,133,921.90","           5,355.6","              $28,406.68"
South Hadley,02780000,"          $32,544,367.87","           1,642.9","              $19,809.43","          $39,389,551.05","           1,949.9","              $20,200.44"
South Middlesex Regional Vocational Technical,08290000,"          $27,069,622.66",             853.1,"              $31,732.75","          $27,069,622.66",             853.1,"              $31,732.75"
South Shore Charter Public (District),04880000,"          $19,180,784.08","           1,060.2","              $18,091.84","          $19,180,784.08","           1,060.2","              $18,091.84"
South Shore Regional Vocational Technical,08730000,"          $19,811,402.00",             659.9,"              $30,020.81","          $19,811,402.00",             659.9,"              $30,020.81"
Southampton,02750000,"           $7,809,425.55",             472.4,"              $16,533.13","           $9,548,122.48",             549.1,"              $17,388.08"
Southborough,02760000,"          $29,436,238.60","           1,303.8","              $22,578.04","          $31,876,356.40","           1,333.1","              $23,911.69"
Southbridge,02770000,"          $46,430,703.01","           1,888.6","              $24,585.30","          $54,818,209.11","           2,306.3","              $23,768.91"
Southeastern Regional Vocational Technical,08720000,"          $39,916,984.00","           1,564.8","              $25,508.78","          $39,921,984.00","           1,565.8","              $25,495.68"
Southern Berkshire,07650000,"          $20,348,754.74",             613.6,"              $33,162.30","          $21,525,250.47",             757.7,"              $28,410.46"
Southern Worcester County Regional Vocational School District,08760000,"          $28,427,177.46","           1,159.6","              $24,515.58","          $28,763,215.23","           1,214.0","              $23,693.02"
Southwick-Tolland-Granville Regional School District,07660000,"          $26,661,633.62","           1,312.8","              $20,308.38","          $29,716,848.73","           1,431.9","              $20,753.07"
Spencer-E Brookfield,07670000,"          $26,845,662.00","           1,403.1","              $19,132.58","          $31,853,195.09","           1,677.4","              $18,989.54"
Springfield,02810000,"         $631,330,588.00","          23,722.9","              $26,612.69","         $749,025,113.50","          29,467.9","              $25,418.32"
Springfield International Charter (District),04410000,"          $25,273,676.35","           1,481.3","              $17,061.71","          $25,273,676.35","           1,481.3","              $17,061.71"
Springfield Preparatory Charter School (District),35100000,"           $9,568,931.39",             485.1,"              $19,724.06","           $9,568,931.39",             485.1,"              $19,724.06"
Stoneham,02840000,"          $48,412,220.72","           2,293.2","              $21,111.16","          $57,023,777.39","           2,538.2","              $22,466.02"
Stoughton,02850000,"          $72,769,567.00","           3,807.4","              $19,112.72","          $81,095,029.03","           4,015.8","              $20,194.10"
Sturbridge,02870000,"          $16,301,818.58",             904.4,"              $18,024.57","          $20,017,818.54",             941.7,"              $21,257.96"
Sturgis Charter Public (District),04890000,"          $16,265,942.58",             824.7,"              $19,722.51","          $16,265,942.58",             824.7,"              $19,722.51"
Sudbury,02880000,"          $56,005,026.00","           2,547.7","              $21,982.87","          $57,646,029.00","           2,578.7","              $22,354.31"
Sunderland,02890000,"           $5,348,008.26",             191.3,"              $27,950.45","           $5,498,791.93",             208.9,"              $26,317.70"
Sutton,02900000,"          $24,498,389.75","           1,309.2","              $18,712.41","          $27,190,444.12","           1,381.6","              $19,680.81"
Swampscott,02910000,"          $41,222,288.61","           2,070.2","              $19,912.01","          $47,865,984.38","           2,202.2","              $21,735.64"
Swansea,02920000,"          $35,317,690.38","           2,036.4","              $17,343.10","          $37,846,446.38","           2,106.5","              $17,966.86"
TEC Connections Academy Commonwealth Virtual School District,39020000,"          $26,758,228.70","           2,936.9","               $9,111.01","          $26,758,228.70","           2,936.9","               $9,111.01"
Tantasqua,07700000,"          $31,601,495.00","           1,749.3","              $18,065.22","          $32,044,256.94","           1,814.3","              $17,661.97"
Taunton,02930000,"         $153,095,246.10","           8,112.7","              $18,871.02","         $169,407,296.80","           8,647.5","              $19,590.29"
Tewksbury,02950000,"          $68,271,445.97","           3,255.0","              $20,974.22","          $79,404,942.89","           3,423.3","              $23,195.20"
Tisbury,02960000,"          $11,186,519.00",             280.1,"              $39,933.63","          $12,593,683.66",             381.8,"              $32,984.36"
Topsfield,02980000,"          $13,720,268.65",             616.7,"              $22,248.08","          $14,077,453.65",             624.7,"              $22,534.94"
Tri-County Regional Vocational Technical,08780000,"          $24,343,195.00",             955.8,"              $25,468.48","          $24,345,255.45",             956.1,"              $25,462.91"
Triton,07730000,"          $51,640,424.00","           2,113.3","              $24,436.24","          $57,570,898.28","           2,312.3","              $24,897.55"
Truro,03000000,"           $5,020,021.92",              91.3,"              $54,980.47","           $7,698,463.69",             195.1,"              $39,451.65"
Tyngsborough,03010000,"          $29,366,742.00","           1,540.9","              $19,057.97","          $33,897,772.05","           1,689.5","              $20,064.20"
UP Academy Charter School of Boston (District),04800000,"           $8,250,712.64",             159.2,"              $51,811.62","           $8,250,712.64",             159.2,"              $51,811.62"
UP Academy Charter School of Dorchester (District),35050000,"          $12,795,448.74",             580.1,"              $22,058.56","          $12,795,448.74",             580.1,"              $22,058.56"
Up-Island Regional,07740000,"          $14,349,403.00",             401.5,"              $35,738.50","          $15,804,043.55",             455.1,"              $34,727.21"
Upper Cape Cod Regional Vocational Technical,08790000,"          $22,122,204.00",             814.6,"              $27,156.58","          $22,173,280.57",             823.7,"              $26,918.90"
Uxbridge,03040000,"          $33,444,420.00","           1,637.1","              $20,429.06","          $38,838,843.53","           1,808.7","              $21,472.91"
Veritas Preparatory Charter School (District),04980000,"          $13,061,701.05",             598.8,"              $21,814.22","          $13,061,701.05",             598.8,"              $21,814.22"
Wachusett,07750000,"         $112,456,183.60","           6,661.1","              $16,882.65","         $126,944,971.50","           6,937.8","              $18,297.64"
Wakefield,03050000,"          $67,879,388.00","           3,353.6","              $20,240.99","          $72,416,871.54","           3,491.1","              $20,743.16"
Wales,03060000,"           $2,559,006.54",              92.9,"              $27,542.52","           $3,177,527.65",             122.1,"              $26,017.35"
Walpole,03070000,"          $70,326,751.50","           3,646.5","              $19,286.16","          $75,906,001.44","           3,739.6","              $20,297.71"
Waltham,03080000,"         $146,930,813.30","           5,730.7","              $25,639.04","         $156,358,127.30","           5,922.1","              $26,402.48"
Ware,03090000,"          $22,296,705.47","           1,095.8","              $20,347.73","          $25,455,128.11","           1,309.7","              $19,436.18"
Wareham,03100000,"          $47,203,729.51","           1,960.0","              $24,083.33","          $55,620,470.04","           2,348.0","              $23,687.95"
Watertown,03140000,"          $69,656,249.91","           2,735.4","              $25,465.00","          $78,308,297.15","           2,855.0","              $27,428.27"
Wayland,03150000,"          $62,471,792.24","           2,760.0","              $22,634.48","          $66,445,067.80","           2,809.5","              $23,649.81"
Webster,03160000,"          $38,487,899.29","           1,691.0","              $22,760.89","          $45,319,973.01","           1,975.6","              $22,940.33"
Wellesley,03170000,"         $115,932,138.70","           4,086.5","              $28,369.35","         $124,192,652.30","           4,157.9","              $29,869.34"
Wellfleet,03180000,"           $3,725,843.00",              85.0,"              $43,850.64","           $3,975,999.71",             107.4,"              $37,015.89"
West Boylston,03220000,"          $17,739,110.54",             902.3,"              $19,660.61","          $20,937,567.27",             986.5,"              $21,224.36"
West Bridgewater,03230000,"          $22,426,639.89","           1,396.3","              $16,061.73","          $24,786,339.25","           1,431.8","              $17,311.60"
West Springfield,03320000,"          $75,123,216.57","           4,004.2","              $18,760.97","          $83,837,999.84","           4,244.6","              $19,751.82"
Westborough,03210000,"          $79,864,903.85","           3,889.3","              $20,534.46","          $83,704,903.46","           3,952.5","              $21,177.97"
Westfield,03250000,"          $92,558,875.62","           4,821.4","              $19,197.62","         $104,109,029.90","           5,161.5","              $20,170.35"
Westford,03260000,"          $83,869,681.00","           4,645.5","              $18,054.07","          $91,389,543.31","           4,744.4","              $19,262.69"
Westhampton,03270000,"           $2,901,443.71",             104.9,"              $27,647.43","           $3,488,117.23",             123.8,"              $28,177.95"
Weston,03300000,"          $61,272,627.18","           2,058.8","              $29,760.93","          $64,876,656.80","           2,081.3","              $31,170.97"
Westport,03310000,"          $27,758,105.00","           1,531.6","              $18,123.07","          $30,644,693.42","           1,669.0","              $18,361.35"
Westwood,03350000,"          $69,851,141.00","           2,871.6","              $24,325.19","          $73,053,086.45","           2,904.0","              $25,155.97"
Weymouth,03360000,"         $109,098,757.60","           5,567.1","              $19,596.94","         $125,777,564.00","           5,997.1","              $20,973.09"
Whately,03370000,"           $3,002,949.22",             127.3,"              $23,592.63","           $3,073,657.05",             136.3,"              $22,551.96"
Whitman-Hanson,07800000,"          $62,467,539.44","           3,455.3","              $18,078.82","          $69,176,103.49","           3,622.9","              $19,094.19"
Whittier Regional Vocational Technical,08850000,"          $32,198,204.00","           1,275.6","              $25,241.61","          $32,228,572.00","           1,279.6","              $25,186.44"
Williamsburg,03400000,"           $3,217,557.88",             122.3,"              $26,301.56","           $3,910,409.54",             160.6,"              $24,343.70"
Wilmington,03420000,"          $66,537,061.89","           2,775.9","              $23,969.40","          $74,369,575.12","           2,881.6","              $25,808.08"
Winchendon,03430000,"          $23,372,617.41","           1,195.0","              $19,559.40","          $26,627,558.28","           1,359.6","              $19,584.54"
Winchester,03440000,"          $80,741,779.67","           4,311.8","              $18,725.77","          $87,308,028.52","           4,380.2","              $19,932.59"
Winthrop,03460000,"          $36,004,344.43","           1,963.4","              $18,337.96","          $39,137,771.83","           2,027.0","              $19,308.10"
Woburn,03470000,"         $101,588,395.60","           4,479.6","              $22,677.95","         $113,807,903.50","           4,712.9","              $24,148.23"
Worcester,03480000,"         $546,111,164.90","          24,576.0","              $22,221.28","         $620,492,246.20","          27,606.4","              $22,476.41"
Worthington,03490000,"           $1,774,234.76",              77.2,"              $22,985.62","           $2,734,935.77",             139.8,"              $19,558.07"
Wrentham,03500000,"          $18,493,958.88",             946.2,"              $19,545.74","          $19,692,123.50","           1,002.4","              $19,644.95"
State Totals,00000000,"      $19,453,875,893.00","         867,936.7","              $22,413.93","      $22,003,229,656.00","         949,843.6","              $23,165.11"
