District Name,District Code,Group,#,Attendance Rate Percentage,Average # of Absences
Abby Kelley Foster Charter Public (District),04450000,All Staff,     214,92.7,13.2
Abby Kelley Foster Charter Public (District),04450000,Administrators,      23,88.8,24.4
Abby Kelley Foster Charter Public (District),04450000,Teachers,     124,94.1,10.5
Abington,00010000,All Staff,     302,93.0,12.8
Abington,00010000,Administrators,      19,95.0,10.4
Abington,00010000,Teachers,     170,93.0,12.5
Academy Of the Pacific Rim Charter Public (District),04120000,All Staff,     113,94.4,10.0
Academy Of the Pacific Rim Charter Public (District),04120000,Administrators,      22,94.0,11.6
Academy Of the Pacific Rim Charter Public (District),04120000,Teachers,      70,94.3,10.1
Acton-Boxborough,06000000,All Staff,     847,94.0,11.1
Acton-Boxborough,06000000,Administrators,      51,94.6,12.4
Acton-Boxborough,06000000,Teachers,     400,93.9,11.1
Acushnet,00030000,All Staff,     128,93.8,11.3
Acushnet,00030000,Administrators,       9,95.8,9.3
Acushnet,00030000,Teachers,      72,93.6,11.3
Advanced Math and Science Academy Charter (District),04300000,All Staff,     130,93.8,10.8
Advanced Math and Science Academy Charter (District),04300000,Administrators,      23,95.2,8.6
Advanced Math and Science Academy Charter (District),04300000,Teachers,      87,94.3,10.3
Agawam,00050000,All Staff,     638,93.2,12.5
Agawam,00050000,Administrators,      31,95.9,8.7
Agawam,00050000,Teachers,     317,94.4,10.2
Alma del Mar Charter School (District),04090000,All Staff,     208,94.5,9.9
Alma del Mar Charter School (District),04090000,Administrators,      26,96.5,7.4
Alma del Mar Charter School (District),04090000,Teachers,     111,93.7,10.8
Amesbury,00070000,All Staff,     333,94.6,9.9
Amesbury,00070000,Administrators,      15,98.1,4.0
Amesbury,00070000,Teachers,     171,94.5,10.1
Amherst,00080000,All Staff,     312,94.6,10.3
Amherst,00080000,Administrators,      24,95.8,9.5
Amherst,00080000,Teachers,     114,92.8,13.1
Amherst-Pelham,06050000,All Staff,     288,95.4,8.5
Amherst-Pelham,06050000,Administrators,      43,96.9,6.1
Amherst-Pelham,06050000,Teachers,     133,94.8,9.4
Andover,00090000,All Staff,     997,93.4,11.8
Andover,00090000,Administrators,      54,96.2,8.3
Andover,00090000,Teachers,     478,93.0,12.8
Argosy Collegiate Charter School (District),35090000,All Staff,     113,91.5,15.7
Argosy Collegiate Charter School (District),35090000,Administrators,      19,93.6,14.4
Argosy Collegiate Charter School (District),35090000,Teachers,      71,91.6,14.9
Arlington,00100000,All Staff,     954,93.7,11.7
Arlington,00100000,Administrators,      77,96.5,7.5
Arlington,00100000,Teachers,     507,93.3,12.2
Ashburnham-Westminster,06100000,All Staff,     335,92.7,13.6
Ashburnham-Westminster,06100000,Administrators,      18,96.8,7.8
Ashburnham-Westminster,06100000,Teachers,     168,92.4,13.9
Ashland,00140000,All Staff,     390,94.1,10.8
Ashland,00140000,Administrators,      28,96.0,8.3
Ashland,00140000,Teachers,     232,93.5,11.7
Assabet Valley Regional Vocational Technical,08010000,All Staff,     179,95.3,8.8
Assabet Valley Regional Vocational Technical,08010000,Administrators,      14,96.6,6.1
Assabet Valley Regional Vocational Technical,08010000,Teachers,     115,94.7,9.8
Athol-Royalston,06150000,All Staff,     255,92.6,13.7
Athol-Royalston,06150000,Administrators,      22,91.6,18.8
Athol-Royalston,06150000,Teachers,     135,93.0,12.9
Atlantis Charter (District),04910000,All Staff,     208,92.9,13.5
Atlantis Charter (District),04910000,Administrators,      21,88.0,26.6
Atlantis Charter (District),04910000,Teachers,     107,94.4,10.1
Attleboro,00160000,All Staff,     866,93.5,11.4
Attleboro,00160000,Administrators,      60,94.6,9.7
Attleboro,00160000,Teachers,     429,93.8,11.1
Auburn,00170000,All Staff,     402,93.7,11.3
Auburn,00170000,Administrators,      19,96.5,7.6
Auburn,00170000,Teachers,     202,93.2,12.3
Avon,00180000,All Staff,     133,94.2,9.7
Avon,00180000,Administrators,      10,97.6,4.5
Avon,00180000,Teachers,      76,93.5,11.2
Ayer Shirley School District,06160000,All Staff,     294,93.1,11.7
Ayer Shirley School District,06160000,Administrators,      17,95.3,8.1
Ayer Shirley School District,06160000,Teachers,     152,93.5,11.5
Barnstable,00200000,All Staff,     968,93.0,12.5
Barnstable,00200000,Administrators,      56,95.7,8.8
Barnstable,00200000,Teachers,     461,93.2,12.5
Baystate Academy Charter Public School (District),35020000,All Staff,      92,95.1,8.9
Baystate Academy Charter Public School (District),35020000,Administrators,      10,94.3,11.2
Baystate Academy Charter Public School (District),35020000,Teachers,      63,95.3,8.6
Bedford,00230000,All Staff,     494,94.1,9.7
Bedford,00230000,Administrators,      37,95.2,9.1
Bedford,00230000,Teachers,     248,94.2,10.2
Belchertown,00240000,All Staff,     313,93.9,11.1
Belchertown,00240000,Administrators,      19,95.8,8.8
Belchertown,00240000,Teachers,     162,94.0,10.8
Bellingham,00250000,All Staff,     369,94.0,10.9
Bellingham,00250000,Administrators,      21,96.6,6.8
Bellingham,00250000,Teachers,     173,93.4,12.0
Belmont,00260000,All Staff,     594,91.8,14.6
Belmont,00260000,Administrators,      36,93.2,14.8
Belmont,00260000,Teachers,     325,92.3,13.6
Benjamin Banneker Charter Public (District),04200000,All Staff,      53,97.1,5.6
Benjamin Banneker Charter Public (District),04200000,Administrators,       5,-,-
Benjamin Banneker Charter Public (District),04200000,Teachers,      19,97.5,4.6
Benjamin Franklin Classical Charter Public (District),04470000,All Staff,     155,93.5,11.6
Benjamin Franklin Classical Charter Public (District),04470000,Administrators,      12,91.2,17.3
Benjamin Franklin Classical Charter Public (District),04470000,Teachers,      82,93.3,11.7
Berkley,00270000,All Staff,     103,94.6,10.1
Berkley,00270000,Administrators,       8,97.6,5.6
Berkley,00270000,Teachers,      63,93.7,11.5
Berkshire Arts and Technology Charter Public (District),04140000,All Staff,      71,91.6,17.5
Berkshire Arts and Technology Charter Public (District),04140000,Administrators,      11,88.3,26.3
Berkshire Arts and Technology Charter Public (District),04140000,Teachers,      47,91.3,17.1
Berkshire Hills,06180000,All Staff,     243,91.5,15.7
Berkshire Hills,06180000,Administrators,      15,95.4,9.9
Berkshire Hills,06180000,Teachers,     121,90.9,16.8
Berlin-Boylston,06200000,All Staff,     195,93.7,11.3
Berlin-Boylston,06200000,Administrators,      12,89.9,23.3
Berlin-Boylston,06200000,Teachers,     100,93.7,11.2
Beverly,00300000,All Staff,     662,93.4,12.0
Beverly,00300000,Administrators,      40,96.5,6.5
Beverly,00300000,Teachers,     373,92.5,13.8
Billerica,00310000,All Staff,     796,91.7,14.9
Billerica,00310000,Administrators,      34,92.4,16.1
Billerica,00310000,Teachers,     387,92.3,14.1
Blackstone Valley Regional Vocational Technical,08050000,All Staff,     183,93.6,12.9
Blackstone Valley Regional Vocational Technical,08050000,Administrators,      12,96.9,7.4
Blackstone Valley Regional Vocational Technical,08050000,Teachers,     113,93.7,12.0
Blackstone-Millville,06220000,All Staff,     208,96.4,6.3
Blackstone-Millville,06220000,Administrators,      11,97.9,4.2
Blackstone-Millville,06220000,Teachers,     124,95.4,8.3
Blue Hills Regional Vocational Technical,08060000,All Staff,     122,91.8,15.7
Blue Hills Regional Vocational Technical,08060000,Administrators,       8,92.0,18.0
Blue Hills Regional Vocational Technical,08060000,Teachers,      80,91.7,15.2
Boston,00350000,All Staff,"   9,718",93.5,11.5
Boston,00350000,Administrators,"   1,404",93.1,12.2
Boston,00350000,Teachers,"   4,626",94.0,10.7
Boston Collegiate Charter (District),04490000,All Staff,     144,96.0,7.2
Boston Collegiate Charter (District),04490000,Administrators,      25,97.3,5.0
Boston Collegiate Charter (District),04490000,Teachers,      89,95.7,7.9
Boston Day and Evening Academy Charter (District),04240000,All Staff,      67,90.3,18.7
Boston Day and Evening Academy Charter (District),04240000,Administrators,       8,88.9,23.3
Boston Day and Evening Academy Charter (District),04240000,Teachers,      35,91.2,16.0
Boston Green Academy Horace Mann Charter School (District),04110000,All Staff,      90,93.4,11.7
Boston Green Academy Horace Mann Charter School (District),04110000,Administrators,      12,93.8,10.3
Boston Green Academy Horace Mann Charter School (District),04110000,Teachers,      48,93.6,11.4
Boston Preparatory Charter Public (District),04160000,All Staff,     141,93.3,11.7
Boston Preparatory Charter Public (District),04160000,Administrators,      28,94.4,10.2
Boston Preparatory Charter Public (District),04160000,Teachers,      60,93.2,11.9
Boston Renaissance Charter Public (District),04810000,All Staff,     185,91.8,15.3
Boston Renaissance Charter Public (District),04810000,Administrators,      22,91.5,16.0
Boston Renaissance Charter Public (District),04810000,Teachers,      91,93.2,12.4
Bourne,00360000,All Staff,     266,92.7,13.4
Bourne,00360000,Administrators,      18,94.3,12.5
Bourne,00360000,Teachers,     153,92.5,13.6
Boxford,00380000,All Staff,     163,99.2,1.4
Boxford,00380000,Administrators,      15,99.1,1.8
Boxford,00380000,Teachers,      75,99.1,1.5
Braintree,00400000,All Staff,     773,93.9,11.0
Braintree,00400000,Administrators,      45,96.6,6.8
Braintree,00400000,Teachers,     423,93.8,11.3
Brewster,00410000,All Staff,     137,94.9,9.2
Brewster,00410000,Administrators,      12,99.9,0.2
Brewster,00410000,Teachers,      53,94.4,10.0
Bridge Boston Charter School (District),04170000,All Staff,      77,95.1,9.5
Bridge Boston Charter School (District),04170000,Administrators,      14,98.3,3.6
Bridge Boston Charter School (District),04170000,Teachers,      33,94.1,11.5
Bridgewater-Raynham,06250000,All Staff,     615,93.5,11.7
Bridgewater-Raynham,06250000,Administrators,      32,96.6,6.9
Bridgewater-Raynham,06250000,Teachers,     347,93.7,11.3
Brimfield,00430000,All Staff,      57,94.0,11.0
Brimfield,00430000,Administrators,       6,96.7,7.3
Brimfield,00430000,Teachers,      28,94.2,10.4
Bristol County Agricultural,09100000,All Staff,      95,94.2,10.3
Bristol County Agricultural,09100000,Administrators,      11,96.2,6.3
Bristol County Agricultural,09100000,Teachers,      54,94.3,10.3
Bristol-Plymouth Regional Vocational Technical,08100000,All Staff,     160,92.7,13.6
Bristol-Plymouth Regional Vocational Technical,08100000,Administrators,      12,95.5,9.8
Bristol-Plymouth Regional Vocational Technical,08100000,Teachers,     101,93.2,12.4
Brockton,00440000,All Staff,"   2,246",92.5,13.5
Brockton,00440000,Administrators,     140,95.5,9.1
Brockton,00440000,Teachers,"   1,079",92.2,13.8
Brooke Charter School (District),04280000,All Staff,     381,95.4,9.0
Brooke Charter School (District),04280000,Administrators,      71,95.5,9.4
Brooke Charter School (District),04280000,Teachers,     197,96.0,7.9
Brookfield,00450000,All Staff,      54,95.8,7.8
Brookfield,00450000,Administrators,       6,97.0,6.7
Brookfield,00450000,Teachers,      26,95.6,8.0
Brookline,00460000,All Staff,"   1,350",92.1,14.7
Brookline,00460000,Administrators,     102,91.2,18.8
Brookline,00460000,Teachers,     679,93.3,12.2
Burlington,00480000,All Staff,     643,92.6,13.8
Burlington,00480000,Administrators,      51,94.3,12.3
Burlington,00480000,Teachers,     349,92.8,13.4
Cambridge,00490000,All Staff,"   1,568",94.2,11.7
Cambridge,00490000,Administrators,      99,95.6,9.7
Cambridge,00490000,Teachers,     768,94.1,11.7
Canton,00500000,All Staff,     547,91.9,14.6
Canton,00500000,Administrators,      44,93.8,12.5
Canton,00500000,Teachers,     276,91.9,14.6
Cape Cod Lighthouse Charter (District),04320000,All Staff,      46,94.1,9.7
Cape Cod Lighthouse Charter (District),04320000,Administrators,       4,-,-
Cape Cod Lighthouse Charter (District),04320000,Teachers,      30,94.6,9.2
Cape Cod Regional Vocational Technical,08150000,All Staff,     117,93.3,12.0
Cape Cod Regional Vocational Technical,08150000,Administrators,       7,95.0,11.4
Cape Cod Regional Vocational Technical,08150000,Teachers,      69,92.4,13.4
Carlisle,00510000,All Staff,     121,92.8,12.9
Carlisle,00510000,Administrators,       5,-,-
Carlisle,00510000,Teachers,      63,93.5,11.7
Carver,00520000,All Staff,     238,93.4,12.1
Carver,00520000,Administrators,      13,90.0,22.3
Carver,00520000,Teachers,     130,94.0,11.0
Central Berkshire,06350000,All Staff,     255,93.8,11.3
Central Berkshire,06350000,Administrators,      26,96.3,7.8
Central Berkshire,06350000,Teachers,     129,94.1,10.7
Chelmsford,00560000,All Staff,     865,92.5,13.3
Chelmsford,00560000,Administrators,      42,89.3,26.0
Chelmsford,00560000,Teachers,     406,92.5,13.7
Chelsea,00570000,All Staff,     988,92.6,13.9
Chelsea,00570000,Administrators,      68,97.1,6.3
Chelsea,00570000,Teachers,     507,92.5,13.7
Chesterfield-Goshen,06320000,All Staff,      37,94.0,10.0
Chesterfield-Goshen,06320000,Administrators,       5,-,-
Chesterfield-Goshen,06320000,Teachers,      17,95.6,7.5
Chicopee,00610000,All Staff,"   1,350",92.7,13.2
Chicopee,00610000,Administrators,      76,95.4,9.7
Chicopee,00610000,Teachers,     664,92.7,13.2
Christa McAuliffe Charter School (District),04180000,All Staff,      63,95.9,7.5
Christa McAuliffe Charter School (District),04180000,Administrators,      11,92.4,15.9
Christa McAuliffe Charter School (District),04180000,Teachers,      36,97.4,4.7
City on a Hill Charter Public School (District),04370000,All Staff,      35,89.2,19.1
City on a Hill Charter Public School (District),04370000,Administrators,      18,92.9,12.9
City on a Hill Charter Public School (District),04370000,Teachers,      19,90.6,17.3
Clarksburg,00630000,All Staff,      31,96.7,6.1
Clarksburg,00630000,Administrators,       7,97.1,5.9
Clarksburg,00630000,Teachers,      16,96.0,7.1
Clinton,00640000,All Staff,     327,93.1,12.7
Clinton,00640000,Administrators,      18,93.4,13.9
Clinton,00640000,Teachers,     172,94.3,10.5
Codman Academy Charter Public (District),04380000,All Staff,      77,95.4,8.0
Codman Academy Charter Public (District),04380000,Administrators,      16,96.4,7.4
Codman Academy Charter Public (District),04380000,Teachers,      40,95.0,8.7
Cohasset,00650000,All Staff,     242,95.7,7.9
Cohasset,00650000,Administrators,      17,96.0,8.4
Cohasset,00650000,Teachers,     147,95.5,8.0
Collegiate Charter School of Lowell (District),35030000,All Staff,     220,92.1,15.1
Collegiate Charter School of Lowell (District),35030000,Administrators,      34,88.6,23.6
Collegiate Charter School of Lowell (District),35030000,Teachers,     125,94.2,11.4
Community Charter School of Cambridge (District),04360000,All Staff,      74,94.6,10.2
Community Charter School of Cambridge (District),04360000,Administrators,      23,94.3,11.9
Community Charter School of Cambridge (District),04360000,Teachers,      42,94.2,10.5
Community Day Charter Public School (District),04400000,All Staff,     243,95.5,6.9
Community Day Charter Public School (District),04400000,Administrators,      25,94.9,8.2
Community Day Charter Public School (District),04400000,Teachers,     140,95.5,6.8
Concord,00670000,All Staff,     438,93.8,10.9
Concord,00670000,Administrators,      30,96.4,7.7
Concord,00670000,Teachers,     196,93.8,11.4
Concord-Carlisle,06400000,All Staff,     228,94.8,9.9
Concord-Carlisle,06400000,Administrators,      27,95.6,9.1
Concord-Carlisle,06400000,Teachers,     124,94.4,10.3
Conservatory Lab Charter (District),04390000,All Staff,      79,94.5,4.7
Conservatory Lab Charter (District),04390000,Administrators,      22,95.5,4.5
Conservatory Lab Charter (District),04390000,Teachers,      34,95.1,4.3
Conway,00680000,All Staff,      65,93.8,11.9
Conway,00680000,Administrators,       7,93.5,14.7
Conway,00680000,Teachers,      21,93.3,11.5
Danvers,00710000,All Staff,     575,94.0,11.1
Danvers,00710000,Administrators,      26,96.4,9.1
Danvers,00710000,Teachers,     292,93.5,11.9
Dartmouth,00720000,All Staff,     507,92.3,14.3
Dartmouth,00720000,Administrators,      27,94.9,10.4
Dartmouth,00720000,Teachers,     289,92.4,13.9
Dedham,00730000,All Staff,     500,93.2,12.2
Dedham,00730000,Administrators,      37,95.7,8.4
Dedham,00730000,Teachers,     263,93.3,12.3
Deerfield,00740000,All Staff,     102,94.7,9.2
Deerfield,00740000,Administrators,      10,95.6,8.9
Deerfield,00740000,Teachers,      37,94.9,8.8
Dennis-Yarmouth,06450000,All Staff,     584,95.0,9.0
Dennis-Yarmouth,06450000,Administrators,      37,97.1,6.1
Dennis-Yarmouth,06450000,Teachers,     289,94.6,9.9
Dighton-Rehoboth,06500000,All Staff,     369,93.9,10.6
Dighton-Rehoboth,06500000,Administrators,      20,94.1,10.2
Dighton-Rehoboth,06500000,Teachers,     213,94.3,10.1
Douglas,00770000,All Staff,     196,92.8,13.9
Douglas,00770000,Administrators,      12,95.9,10.6
Douglas,00770000,Teachers,     109,92.3,14.1
Dover,00780000,All Staff,     116,93.2,12.2
Dover,00780000,Administrators,      13,94.3,10.6
Dover,00780000,Teachers,      46,92.6,13.4
Dover-Sherborn,06550000,All Staff,     209,94.2,10.7
Dover-Sherborn,06550000,Administrators,      27,94.1,11.0
Dover-Sherborn,06550000,Teachers,     121,93.9,11.2
Dracut,00790000,All Staff,     474,95.1,8.8
Dracut,00790000,Administrators,      28,96.9,6.5
Dracut,00790000,Teachers,     258,95.3,8.4
Dudley Street Neighborhood Charter School (District),04070000,All Staff,      24,95.0,8.1
Dudley Street Neighborhood Charter School (District),04070000,Administrators,       3,-,-
Dudley Street Neighborhood Charter School (District),04070000,Teachers,      18,95.9,7.0
Dudley-Charlton Reg,06580000,All Staff,     500,94.9,9.3
Dudley-Charlton Reg,06580000,Administrators,      27,97.7,5.7
Dudley-Charlton Reg,06580000,Teachers,     284,94.6,9.8
Duxbury,00820000,All Staff,     426,94.7,10.0
Duxbury,00820000,Administrators,      32,97.2,6.6
Duxbury,00820000,Teachers,     249,94.5,10.1
East Bridgewater,00830000,All Staff,     319,93.2,12.3
East Bridgewater,00830000,Administrators,      17,95.8,9.7
East Bridgewater,00830000,Teachers,     162,92.0,14.4
East Longmeadow,00870000,All Staff,     438,97.9,3.6
East Longmeadow,00870000,Administrators,      18,97.8,4.0
East Longmeadow,00870000,Teachers,     229,97.8,4.0
Eastham,00850000,All Staff,      67,96.6,5.9
Eastham,00850000,Administrators,      10,99.4,1.1
Eastham,00850000,Teachers,      27,95.6,7.9
Easthampton,00860000,All Staff,     245,91.8,14.9
Easthampton,00860000,Administrators,      14,94.1,11.9
Easthampton,00860000,Teachers,     123,91.8,14.8
Easton,00880000,All Staff,     520,92.6,13.6
Easton,00880000,Administrators,      36,94.0,12.9
Easton,00880000,Teachers,     270,92.4,13.8
Edgartown,00890000,All Staff,     170,92.9,7.9
Edgartown,00890000,Administrators,      10,96.2,3.9
Edgartown,00890000,Teachers,      61,93.0,10.3
Edward M. Kennedy Academy for Health Careers: A Horace Mann Charter Public School (District),04520000,All Staff,      90,92.4,13.6
Edward M. Kennedy Academy for Health Careers: A Horace Mann Charter Public School (District),04520000,Administrators,      17,94.4,9.3
Edward M. Kennedy Academy for Health Careers: A Horace Mann Charter Public School (District),04520000,Teachers,      45,92.2,14.4
Erving,00910000,All Staff,      59,93.6,11.2
Erving,00910000,Administrators,       7,91.7,16.7
Erving,00910000,Teachers,      20,94.8,9.0
Essex North Shore Agricultural and Technical School District,08170000,All Staff,     269,94.4,10.4
Essex North Shore Agricultural and Technical School District,08170000,Administrators,      24,93.5,15.8
Essex North Shore Agricultural and Technical School District,08170000,Teachers,     165,94.7,9.5
Everett,00930000,All Staff,     969,96.6,6.3
Everett,00930000,Administrators,      67,97.9,3.9
Everett,00930000,Teachers,     652,96.4,6.6
Excel Academy Charter (District),04100000,All Staff,     275,94.4,10.8
Excel Academy Charter (District),04100000,Administrators,      86,94.0,12.2
Excel Academy Charter (District),04100000,Teachers,     139,95.2,9.3
Fairhaven,00940000,All Staff,     267,91.2,15.9
Fairhaven,00940000,Administrators,      22,91.8,17.5
Fairhaven,00940000,Teachers,     152,90.7,16.6
Fall River,00950000,All Staff,"   2,151",90.4,16.8
Fall River,00950000,Administrators,     187,91.4,16.6
Fall River,00950000,Teachers,     999,90.2,17.2
Falmouth,00960000,All Staff,     580,93.3,12.0
Falmouth,00960000,Administrators,      41,95.6,8.4
Falmouth,00960000,Teachers,     301,94.0,10.8
Farmington River Reg,06620000,All Staff,      23,93.0,12.0
Farmington River Reg,06620000,Administrators,       3,-,-
Farmington River Reg,06620000,Teachers,      15,91.7,14.1
Fitchburg,00970000,All Staff,     854,94.3,10.6
Fitchburg,00970000,Administrators,      54,96.8,7.6
Fitchburg,00970000,Teachers,     443,94.1,10.8
Florida,00980000,All Staff,      33,96.1,6.7
Florida,00980000,Administrators,       5,-,-
Florida,00980000,Teachers,      11,93.3,10.6
Four Rivers Charter Public (District),04130000,All Staff,      50,94.4,10.3
Four Rivers Charter Public (District),04130000,Administrators,       7,96.9,6.9
Four Rivers Charter Public (District),04130000,Teachers,      29,93.8,11.0
Foxborough,00990000,All Staff,     400,98.8,2.3
Foxborough,00990000,Administrators,      29,99.4,1.3
Foxborough,00990000,Teachers,     225,98.7,2.5
Foxborough Regional Charter (District),04460000,All Staff,     240,91.1,16.1
Foxborough Regional Charter (District),04460000,Administrators,      23,91.1,19.7
Foxborough Regional Charter (District),04460000,Teachers,     131,91.8,14.1
Framingham,01000000,All Staff,"   1,437",92.8,13.6
Framingham,01000000,Administrators,     112,94.1,13.2
Framingham,01000000,Teachers,     880,93.2,12.5
Francis W. Parker Charter Essential (District),04780000,All Staff,      70,96.4,6.8
Francis W. Parker Charter Essential (District),04780000,Administrators,      11,97.3,4.9
Francis W. Parker Charter Essential (District),04780000,Teachers,      46,96.8,6.1
Franklin,01010000,All Staff,     773,94.1,10.6
Franklin,01010000,Administrators,      40,94.6,12.0
Franklin,01010000,Teachers,     382,93.7,11.4
Franklin County Regional Vocational Technical,08180000,All Staff,      86,94.5,10.0
Franklin County Regional Vocational Technical,08180000,Administrators,       9,95.5,8.2
Franklin County Regional Vocational Technical,08180000,Teachers,      60,95.3,8.5
Freetown-Lakeville,06650000,All Staff,     392,93.7,11.4
Freetown-Lakeville,06650000,Administrators,      23,92.5,13.7
Freetown-Lakeville,06650000,Teachers,     218,93.4,12.0
Frontier,06700000,All Staff,     122,94.4,10.3
Frontier,06700000,Administrators,       8,95.6,9.9
Frontier,06700000,Teachers,      58,95.0,9.1
Gardner,01030000,All Staff,     362,94.1,10.6
Gardner,01030000,Administrators,      30,97.3,5.2
Gardner,01030000,Teachers,     196,93.9,11.0
Gateway,06720000,All Staff,     191,91.9,13.9
Gateway,06720000,Administrators,      12,95.3,9.9
Gateway,06720000,Teachers,      92,92.5,13.0
Georgetown,01050000,All Staff,     207,94.7,9.1
Georgetown,01050000,Administrators,      17,95.7,8.7
Georgetown,01050000,Teachers,     100,94.8,8.8
Gill-Montague,06740000,All Staff,     203,90.0,18.3
Gill-Montague,06740000,Administrators,      13,86.7,32.1
Gill-Montague,06740000,Teachers,      95,91.9,14.4
Global Learning Charter Public (District),04960000,All Staff,      94,94.5,10.5
Global Learning Charter Public (District),04960000,Administrators,      14,94.4,12.0
Global Learning Charter Public (District),04960000,Teachers,      50,94.7,10.0
Gloucester,01070000,All Staff,     515,94.3,10.3
Gloucester,01070000,Administrators,      32,97.4,5.5
Gloucester,01070000,Teachers,     269,94.4,10.1
Grafton,01100000,All Staff,     545,89.4,18.5
Grafton,01100000,Administrators,      22,92.6,16.0
Grafton,01100000,Teachers,     259,90.0,17.8
Granby,01110000,All Staff,     138,91.6,14.7
Granby,01110000,Administrators,      11,87.2,30.8
Granby,01110000,Teachers,      64,92.1,14.1
Greater Commonwealth Virtual District,39010000,All Staff,     160,94.8,10.1
Greater Commonwealth Virtual District,39010000,Administrators,      15,97.5,6.4
Greater Commonwealth Virtual District,39010000,Teachers,      87,93.8,11.3
Greater Fall River Regional Vocational Technical,08210000,All Staff,     207,93.7,11.1
Greater Fall River Regional Vocational Technical,08210000,Administrators,      13,91.1,15.5
Greater Fall River Regional Vocational Technical,08210000,Teachers,     145,93.7,11.4
Greater Lawrence Regional Vocational Technical,08230000,All Staff,     256,91.1,16.0
Greater Lawrence Regional Vocational Technical,08230000,Administrators,      24,94.5,11.2
Greater Lawrence Regional Vocational Technical,08230000,Teachers,     168,90.7,16.3
Greater Lowell Regional Vocational Technical,08280000,All Staff,     351,91.6,15.7
Greater Lowell Regional Vocational Technical,08280000,Administrators,      25,93.9,12.9
Greater Lowell Regional Vocational Technical,08280000,Teachers,     214,91.2,15.9
Greater New Bedford Regional Vocational Technical,08250000,All Staff,     289,92.9,13.6
Greater New Bedford Regional Vocational Technical,08250000,Administrators,      23,94.2,12.9
Greater New Bedford Regional Vocational Technical,08250000,Teachers,     194,92.7,13.3
Greenfield,01140000,All Staff,     324,91.8,14.3
Greenfield,01140000,Administrators,      23,96.0,8.2
Greenfield,01140000,Teachers,     137,92.0,14.1
Groton-Dunstable,06730000,All Staff,     343,94.8,9.6
Groton-Dunstable,06730000,Administrators,      24,97.7,4.9
Groton-Dunstable,06730000,Teachers,     179,94.1,10.8
Hadley,01170000,All Staff,     115,93.9,10.6
Hadley,01170000,Administrators,       8,91.1,20.1
Hadley,01170000,Teachers,      57,94.5,9.5
Halifax,01180000,All Staff,      90,94.1,11.4
Halifax,01180000,Administrators,      11,96.1,8.5
Halifax,01180000,Teachers,      40,94.4,10.3
Hamilton-Wenham,06750000,All Staff,     301,96.5,6.3
Hamilton-Wenham,06750000,Administrators,      29,96.7,7.1
Hamilton-Wenham,06750000,Teachers,     156,97.0,5.6
Hampden Charter School of Science (District),04990000,All Staff,     125,94.7,9.8
Hampden Charter School of Science (District),04990000,Administrators,      20,96.5,6.5
Hampden Charter School of Science (District),04990000,Teachers,      83,94.0,11.1
Hampden-Wilbraham,06800000,All Staff,     448,93.4,12.2
Hampden-Wilbraham,06800000,Administrators,      22,95.7,8.2
Hampden-Wilbraham,06800000,Teachers,     220,92.8,13.1
Hampshire,06830000,All Staff,     120,93.3,12.1
Hampshire,06830000,Administrators,       7,97.2,6.4
Hampshire,06830000,Teachers,      73,93.3,12.2
Hancock,01210000,All Staff,      19,96.3,6.0
Hancock,01210000,Administrators,       2,-,-
Hancock,01210000,Teachers,       7,96.0,7.3
Hanover,01220000,All Staff,     342,94.1,10.7
Hanover,01220000,Administrators,      22,96.3,7.5
Hanover,01220000,Teachers,     192,93.5,11.7
Harvard,01250000,All Staff,     182,92.9,12.9
Harvard,01250000,Administrators,      16,90.9,20.9
Harvard,01250000,Teachers,      94,93.1,12.5
Hatfield,01270000,All Staff,      59,91.6,16.2
Hatfield,01270000,Administrators,       4,-,-
Hatfield,01270000,Teachers,      42,92.1,14.7
Haverhill,01280000,All Staff,"   1,400",93.8,10.9
Haverhill,01280000,Administrators,      56,94.9,10.8
Haverhill,01280000,Teachers,     695,94.0,10.6
Hawlemont,06850000,All Staff,      40,97.1,5.3
Hawlemont,06850000,Administrators,       7,99.5,0.9
Hawlemont,06850000,Teachers,      10,96.2,7.0
Hill View Montessori Charter Public (District),04550000,All Staff,      47,92.5,11.3
Hill View Montessori Charter Public (District),04550000,Administrators,       4,-,-
Hill View Montessori Charter Public (District),04550000,Teachers,      25,92.6,11.7
Hilltown Cooperative Charter Public (District),04500000,All Staff,      59,92.7,11.0
Hilltown Cooperative Charter Public (District),04500000,Administrators,       5,-,-
Hilltown Cooperative Charter Public (District),04500000,Teachers,      25,94.2,9.3
Hingham,01310000,All Staff,     622,93.6,11.8
Hingham,01310000,Administrators,      41,96.1,8.7
Hingham,01310000,Teachers,     306,94.1,10.9
Holbrook,01330000,All Staff,     174,91.0,15.9
Holbrook,01330000,Administrators,      14,95.4,10.2
Holbrook,01330000,Teachers,     105,89.8,17.9
Holland,01350000,All Staff,      44,95.3,8.6
Holland,01350000,Administrators,       6,96.6,7.7
Holland,01350000,Teachers,      19,96.3,6.6
Holliston,01360000,All Staff,     478,93.3,11.9
Holliston,01360000,Administrators,      32,94.9,10.3
Holliston,01360000,Teachers,     228,93.4,12.1
Holyoke,01370000,All Staff,"   1,081",97.1,5.3
Holyoke,01370000,Administrators,      81,98.3,3.7
Holyoke,01370000,Teachers,     429,97.1,5.1
Holyoke Community Charter (District),04530000,All Staff,     109,93.2,13.9
Holyoke Community Charter (District),04530000,Administrators,      16,94.9,11.1
Holyoke Community Charter (District),04530000,Teachers,      32,92.9,14.0
Hoosac Valley Regional,06030000,All Staff,     210,94.2,10.1
Hoosac Valley Regional,06030000,Administrators,      19,93.8,11.9
Hoosac Valley Regional,06030000,Teachers,     101,95.7,7.4
Hopedale,01380000,All Staff,     208,94.2,10.4
Hopedale,01380000,Administrators,      12,94.7,11.1
Hopedale,01380000,Teachers,     105,94.5,9.8
Hopkinton,01390000,All Staff,     620,94.6,9.6
Hopkinton,01390000,Administrators,      43,95.9,8.0
Hopkinton,01390000,Teachers,     320,94.4,10.2
Hudson,01410000,All Staff,     514,92.3,13.9
Hudson,01410000,Administrators,      32,91.3,19.9
Hudson,01410000,Teachers,     245,91.6,15.0
Hull,01420000,All Staff,     148,93.1,12.7
Hull,01420000,Administrators,      11,97.2,5.8
Hull,01420000,Teachers,      80,92.1,14.5
Innovation Academy Charter (District),04350000,All Staff,     138,95.9,7.2
Innovation Academy Charter (District),04350000,Administrators,      18,99.7,0.6
Innovation Academy Charter (District),04350000,Teachers,      80,95.0,8.8
Ipswich,01440000,All Staff,     336,94.2,10.6
Ipswich,01440000,Administrators,      18,89.9,21.3
Ipswich,01440000,Teachers,     173,94.7,9.8
KIPP Academy Boston Charter School (District),04630000,All Staff,     157,92.2,15.8
KIPP Academy Boston Charter School (District),04630000,Administrators,      73,89.2,22.6
KIPP Academy Boston Charter School (District),04630000,Teachers,      52,95.3,9.1
KIPP Academy Lynn Charter (District),04290000,All Staff,     300,91.5,16.0
KIPP Academy Lynn Charter (District),04290000,Administrators,      95,88.9,23.0
KIPP Academy Lynn Charter (District),04290000,Teachers,     143,92.8,12.8
King Philip,06900000,All Staff,     228,89.0,20.9
King Philip,06900000,Administrators,      18,91.3,21.7
King Philip,06900000,Teachers,     142,88.4,21.2
Kingston,01450000,All Staff,     183,93.7,10.9
Kingston,01450000,Administrators,      13,95.7,9.5
Kingston,01450000,Teachers,      77,92.7,12.8
Lawrence,01490000,All Staff,"   2,442",91.9,15.0
Lawrence,01490000,Administrators,     207,83.4,34.1
Lawrence,01490000,Teachers,"   1,247",93.1,12.5
Lawrence Family Development Charter (District),04540000,All Staff,     150,96.8,5.6
Lawrence Family Development Charter (District),04540000,Administrators,      16,97.1,5.8
Lawrence Family Development Charter (District),04540000,Teachers,      73,96.5,5.8
Learning First Charter Public School (District),04860000,All Staff,     108,93.6,11.8
Learning First Charter Public School (District),04860000,Administrators,      17,94.3,11.9
Learning First Charter Public School (District),04860000,Teachers,      40,94.7,9.6
Lee,01500000,All Staff,     141,91.5,15.9
Lee,01500000,Administrators,       6,97.2,6.5
Lee,01500000,Teachers,      69,92.9,13.2
Leicester,01510000,All Staff,     259,91.4,15.4
Leicester,01510000,Administrators,      16,94.9,11.4
Leicester,01510000,Teachers,     116,91.1,15.8
Lenox,01520000,All Staff,     153,93.6,11.7
Lenox,01520000,Administrators,      10,96.4,8.4
Lenox,01520000,Teachers,      91,93.9,11.0
Leominster,01530000,All Staff,     984,93.8,10.8
Leominster,01530000,Administrators,      41,95.6,7.8
Leominster,01530000,Teachers,     484,94.0,10.7
Leverett,01540000,All Staff,      47,93.2,11.7
Leverett,01540000,Administrators,       6,90.7,21.8
Leverett,01540000,Teachers,      19,93.7,9.7
Lexington,01550000,All Staff,"   1,398",92.1,14.3
Lexington,01550000,Administrators,      74,93.0,13.9
Lexington,01550000,Teachers,     685,91.8,14.9
Libertas Academy Charter School (District),35140000,All Staff,     117,96.8,5.9
Libertas Academy Charter School (District),35140000,Administrators,      13,95.4,9.3
Libertas Academy Charter School (District),35140000,Teachers,      83,97.2,5.2
Lincoln,01570000,All Staff,     273,93.5,11.4
Lincoln,01570000,Administrators,      13,96.9,6.9
Lincoln,01570000,Teachers,     126,93.6,11.7
Lincoln-Sudbury,06950000,All Staff,     239,93.7,12.2
Lincoln-Sudbury,06950000,Administrators,      26,95.7,9.6
Lincoln-Sudbury,06950000,Teachers,     145,93.6,12.1
Littleton,01580000,All Staff,     257,91.6,15.1
Littleton,01580000,Administrators,      16,95.4,10.9
Littleton,01580000,Teachers,     138,91.5,15.5
Longmeadow,01590000,All Staff,     450,93.4,12.3
Longmeadow,01590000,Administrators,      21,95.0,13.1
Longmeadow,01590000,Teachers,     250,93.5,12.0
Lowell,01600000,All Staff,"   2,591",93.4,11.8
Lowell,01600000,Administrators,     177,95.1,9.4
Lowell,01600000,Teachers,"   1,196",92.7,13.2
Lowell Community Charter Public (District),04560000,All Staff,     148,96.2,6.4
Lowell Community Charter Public (District),04560000,Administrators,      11,95.2,8.5
Lowell Community Charter Public (District),04560000,Teachers,      76,96.4,6.1
Lowell Middlesex Academy Charter (District),04580000,All Staff,      16,93.1,12.4
Lowell Middlesex Academy Charter (District),04580000,Administrators,       4,-,-
Lowell Middlesex Academy Charter (District),04580000,Teachers,       9,92.3,13.8
Ludlow,01610000,All Staff,     406,91.9,14.6
Ludlow,01610000,Administrators,      21,94.0,12.9
Ludlow,01610000,Teachers,     204,91.6,15.2
Lunenburg,01620000,All Staff,     264,93.7,11.7
Lunenburg,01620000,Administrators,      19,96.5,7.7
Lunenburg,01620000,Teachers,     116,92.6,13.6
Lynn,01630000,All Staff,"   2,651",90.6,17.3
Lynn,01630000,Administrators,     198,92.5,17.0
Lynn,01630000,Teachers,"   1,463",90.7,16.6
Lynnfield,01640000,All Staff,     361,94.9,9.1
Lynnfield,01640000,Administrators,      29,97.6,5.1
Lynnfield,01640000,Teachers,     182,94.0,11.0
Ma Academy for Math and Science,04680000,All Staff,      10,98.3,3.4
Ma Academy for Math and Science,04680000,Administrators,       1,-,-
Ma Academy for Math and Science,04680000,Teachers,       6,98.0,3.8
Malden,01650000,All Staff,     901,91.9,14.5
Malden,01650000,Administrators,      48,95.4,9.6
Malden,01650000,Teachers,     484,91.3,15.7
Manchester Essex Regional,06980000,All Staff,     222,96.3,7.0
Manchester Essex Regional,06980000,Administrators,      11,97.7,5.4
Manchester Essex Regional,06980000,Teachers,     129,96.1,7.3
Mansfield,01670000,All Staff,     526,93.7,11.7
Mansfield,01670000,Administrators,      35,94.5,11.8
Mansfield,01670000,Teachers,     293,93.7,11.4
Map Academy Charter School (District),35170000,All Staff,      34,96.7,6.4
Map Academy Charter School (District),35170000,Administrators,       2,-,-
Map Academy Charter School (District),35170000,Teachers,      26,96.4,7.1
Marblehead,01680000,All Staff,     486,91.4,15.3
Marblehead,01680000,Administrators,      28,90.3,18.2
Marblehead,01680000,Teachers,     241,91.3,15.8
Marblehead Community Charter Public (District),04640000,All Staff,      32,96.7,6.0
Marblehead Community Charter Public (District),04640000,Administrators,       4,-,-
Marblehead Community Charter Public (District),04640000,Teachers,      17,95.9,7.5
Marion,01690000,All Staff,      96,92.5,13.5
Marion,01690000,Administrators,       8,94.6,13.3
Marion,01690000,Teachers,      37,92.3,13.3
Marlborough,01700000,All Staff,     811,93.3,12.1
Marlborough,01700000,Administrators,      48,94.4,12.1
Marlborough,01700000,Teachers,     412,93.5,11.7
Marshfield,01710000,All Staff,     643,94.4,10.2
Marshfield,01710000,Administrators,      45,97.0,6.7
Marshfield,01710000,Teachers,     339,94.3,10.3
Martha's Vineyard,07000000,All Staff,     143,92.4,14.0
Martha's Vineyard,07000000,Administrators,      11,92.4,16.8
Martha's Vineyard,07000000,Teachers,      91,92.7,12.7
Martha's Vineyard Charter Public School (District),04660000,All Staff,      42,94.4,9.3
Martha's Vineyard Charter Public School (District),04660000,Administrators,       5,-,-
Martha's Vineyard Charter Public School (District),04660000,Teachers,      24,94.1,10.3
"Martin Luther King, Jr. Charter School of Excellence (District)",04920000,All Staff,      78,92.1,14.8
"Martin Luther King, Jr. Charter School of Excellence (District)",04920000,Administrators,       7,95.0,10.6
"Martin Luther King, Jr. Charter School of Excellence (District)",04920000,Teachers,      37,90.8,16.9
Masconomet,07050000,All Staff,     242,92.5,13.7
Masconomet,07050000,Administrators,      24,96.1,7.6
Masconomet,07050000,Teachers,     132,92.7,13.3
Mashpee,01720000,All Staff,     250,93.9,11.1
Mashpee,01720000,Administrators,      24,95.3,9.5
Mashpee,01720000,Teachers,     146,93.7,11.3
Match Charter Public School (District),04690000,All Staff,     295,95.5,8.3
Match Charter Public School (District),04690000,Administrators,      79,95.9,8.1
Match Charter Public School (District),04690000,Teachers,     127,95.8,7.7
Mattapoisett,01730000,All Staff,     101,94.5,10.1
Mattapoisett,01730000,Administrators,       8,95.7,10.8
Mattapoisett,01730000,Teachers,      40,92.9,12.5
Maynard,01740000,All Staff,     234,91.0,17.0
Maynard,01740000,Administrators,      16,90.1,23.4
Maynard,01740000,Teachers,     119,92.8,13.1
Medfield,01750000,All Staff,     412,94.8,9.3
Medfield,01750000,Administrators,      32,97.9,4.3
Medfield,01750000,Teachers,     216,94.1,10.6
Medford,01760000,All Staff,     717,100.0,0.0
Medford,01760000,Administrators,      45,100.0,0.0
Medford,01760000,Teachers,     428,100.0,0.0
Medway,01770000,All Staff,     331,94.3,10.5
Medway,01770000,Administrators,      20,97.2,6.7
Medway,01770000,Teachers,     168,93.8,11.2
Melrose,01780000,All Staff,     538,94.7,9.6
Melrose,01780000,Administrators,      35,96.0,8.4
Melrose,01780000,Teachers,     294,94.6,10.0
Mendon-Upton,07100000,All Staff,     335,93.2,11.9
Mendon-Upton,07100000,Administrators,      15,94.7,11.5
Mendon-Upton,07100000,Teachers,     171,93.0,12.6
Methuen,01810000,All Staff,     920,94.5,10.1
Methuen,01810000,Administrators,      53,96.4,8.3
Methuen,01810000,Teachers,     532,94.1,10.7
Middleborough,01820000,All Staff,     374,90.7,16.8
Middleborough,01820000,Administrators,      23,90.0,20.3
Middleborough,01820000,Teachers,     230,90.5,16.8
Middleton,01840000,All Staff,     177,98.5,2.6
Middleton,01840000,Administrators,      16,98.8,2.6
Middleton,01840000,Teachers,      75,97.4,4.7
Milford,01850000,All Staff,     771,98.5,2.6
Milford,01850000,Administrators,      50,92.6,16.4
Milford,01850000,Teachers,     406,99.3,1.3
Millbury,01860000,All Staff,     308,94.0,10.4
Millbury,01860000,Administrators,      18,94.7,9.3
Millbury,01860000,Teachers,     137,94.7,9.5
Millis,01870000,All Staff,     181,93.4,12.4
Millis,01870000,Administrators,      10,95.4,10.8
Millis,01870000,Teachers,      98,93.2,12.4
Milton,01890000,All Staff,     580,92.4,13.7
Milton,01890000,Administrators,      46,95.1,8.7
Milton,01890000,Teachers,     347,92.1,14.4
Minuteman Regional Vocational Technical,08300000,All Staff,     134,94.2,10.8
Minuteman Regional Vocational Technical,08300000,Administrators,      11,94.3,12.8
Minuteman Regional Vocational Technical,08300000,Teachers,      80,94.2,10.6
Mohawk Trail,07170000,All Staff,     232,95.6,7.7
Mohawk Trail,07170000,Administrators,      13,99.7,0.6
Mohawk Trail,07170000,Teachers,      88,97.0,5.3
Monomoy Regional School District,07120000,All Staff,     353,94.5,9.8
Monomoy Regional School District,07120000,Administrators,      24,97.6,4.8
Monomoy Regional School District,07120000,Teachers,     178,94.5,9.9
Monson,01910000,All Staff,     169,92.7,12.3
Monson,01910000,Administrators,      10,88.0,20.4
Monson,01910000,Teachers,      79,94.2,10.1
Montachusett Regional Vocational Technical,08320000,All Staff,     198,92.5,14.2
Montachusett Regional Vocational Technical,08320000,Administrators,      15,90.7,20.5
Montachusett Regional Vocational Technical,08320000,Teachers,     119,93.0,12.5
Mount Greylock,07150000,All Staff,     230,92.9,12.9
Mount Greylock,07150000,Administrators,      15,95.6,9.8
Mount Greylock,07150000,Teachers,     114,92.9,12.9
Mystic Valley Regional Charter (District),04700000,All Staff,     192,97.0,6.0
Mystic Valley Regional Charter (District),04700000,Administrators,      19,98.0,4.4
Mystic Valley Regional Charter (District),04700000,Teachers,     123,96.9,6.2
Nahant,01960000,All Staff,      32,93.3,9.1
Nahant,01960000,Administrators,       3,-,-
Nahant,01960000,Teachers,      15,95.2,6.2
Nantucket,01970000,All Staff,     321,94.0,11.2
Nantucket,01970000,Administrators,      21,94.9,11.6
Nantucket,01970000,Teachers,     182,94.4,10.2
Narragansett,07200000,All Staff,     223,91.4,15.7
Narragansett,07200000,Administrators,      15,96.3,7.7
Narragansett,07200000,Teachers,     115,91.8,14.8
Nashoba,07250000,All Staff,     482,94.1,11.0
Nashoba,07250000,Administrators,      32,95.5,9.9
Nashoba,07250000,Teachers,     252,94.1,10.8
Nashoba Valley Regional Vocational Technical,08520000,All Staff,     117,94.0,11.0
Nashoba Valley Regional Vocational Technical,08520000,Administrators,      17,94.6,11.4
Nashoba Valley Regional Vocational Technical,08520000,Teachers,      68,93.4,11.9
Natick,01980000,All Staff,     918,93.9,11.1
Natick,01980000,Administrators,      64,95.7,8.3
Natick,01980000,Teachers,     481,93.4,12.1
Nauset,06600000,All Staff,     235,96.3,6.5
Nauset,06600000,Administrators,      18,98.7,2.3
Nauset,06600000,Teachers,     136,96.4,6.3
Needham,01990000,All Staff,"   1,016",94.3,10.3
Needham,01990000,Administrators,      72,95.2,10.3
Needham,01990000,Teachers,     493,93.6,11.7
Neighborhood House Charter (District),04440000,All Staff,     178,95.5,7.5
Neighborhood House Charter (District),04440000,Administrators,      33,94.3,10.0
Neighborhood House Charter (District),04440000,Teachers,      88,96.1,6.6
New Bedford,02010000,All Staff,"   2,260",94.8,9.5
New Bedford,02010000,Administrators,     107,95.5,9.9
New Bedford,02010000,Teachers,"   1,147",94.9,9.3
New Heights Charter School of Brockton (District),35130000,All Staff,      85,94.8,9.0
New Heights Charter School of Brockton (District),35130000,Administrators,      20,93.0,14.5
New Heights Charter School of Brockton (District),35130000,Teachers,      63,95.6,7.3
New Salem-Wendell,07280000,All Staff,      52,92.0,14.4
New Salem-Wendell,07280000,Administrators,       6,91.1,21.5
New Salem-Wendell,07280000,Teachers,      17,93.8,9.8
Newburyport,02040000,All Staff,     400,92.1,14.1
Newburyport,02040000,Administrators,      20,95.6,9.3
Newburyport,02040000,Teachers,     233,91.9,14.6
Newton,02070000,All Staff,"   2,445",93.8,11.3
Newton,02070000,Administrators,     136,95.8,8.9
Newton,02070000,Teachers,"   1,189",93.8,11.3
Norfolk,02080000,All Staff,     169,94.5,9.8
Norfolk,02080000,Administrators,      11,92.1,14.5
Norfolk,02080000,Teachers,      87,94.5,9.7
Norfolk County Agricultural,09150000,All Staff,      87,94.9,9.7
Norfolk County Agricultural,09150000,Administrators,       8,95.5,9.9
Norfolk County Agricultural,09150000,Teachers,      59,94.9,9.4
North Adams,02090000,All Staff,     278,92.7,12.6
North Adams,02090000,Administrators,      31,94.0,11.8
North Adams,02090000,Teachers,     115,92.4,13.3
North Andover,02110000,All Staff,     704,92.5,13.2
North Andover,02110000,Administrators,      41,96.9,5.8
North Andover,02110000,Teachers,     366,92.4,13.7
North Attleborough,02120000,All Staff,     584,93.6,11.5
North Attleborough,02120000,Administrators,      40,95.3,9.8
North Attleborough,02120000,Teachers,     312,94.1,10.6
North Middlesex,07350000,All Staff,     426,91.9,14.7
North Middlesex,07350000,Administrators,      22,96.9,7.2
North Middlesex,07350000,Teachers,     239,91.1,16.0
North Reading,02170000,All Staff,     361,94.0,11.0
North Reading,02170000,Administrators,      17,97.1,6.4
North Reading,02170000,Teachers,     213,94.1,10.8
Northampton,02100000,All Staff,     511,90.6,16.5
Northampton,02100000,Administrators,      22,92.8,14.3
Northampton,02100000,Teachers,     239,91.0,15.9
Northampton-Smith Vocational Agricultural,04060000,All Staff,     107,90.7,18.2
Northampton-Smith Vocational Agricultural,04060000,Administrators,      13,76.7,57.9
Northampton-Smith Vocational Agricultural,04060000,Teachers,      66,93.5,12.0
Northboro-Southboro,07300000,All Staff,     233,93.0,12.9
Northboro-Southboro,07300000,Administrators,      20,96.0,9.2
Northboro-Southboro,07300000,Teachers,     120,91.8,14.9
Northborough,02130000,All Staff,     319,92.7,13.4
Northborough,02130000,Administrators,      22,95.9,9.0
Northborough,02130000,Teachers,     151,92.5,13.3
Northbridge,02140000,All Staff,     343,94.8,10.1
Northbridge,02140000,Administrators,      32,91.6,17.9
Northbridge,02140000,Teachers,     157,95.6,9.1
Northeast Metropolitan Regional Vocational Technical,08530000,All Staff,     199,92.2,14.7
Northeast Metropolitan Regional Vocational Technical,08530000,Administrators,      16,93.8,14.4
Northeast Metropolitan Regional Vocational Technical,08530000,Teachers,     138,93.0,12.6
Northern Berkshire Regional Vocational Technical,08510000,All Staff,      76,92.9,13.3
Northern Berkshire Regional Vocational Technical,08510000,Administrators,       4,-,-
Northern Berkshire Regional Vocational Technical,08510000,Teachers,      52,93.7,11.2
Norton,02180000,All Staff,     367,95.3,8.5
Norton,02180000,Administrators,      24,96.5,7.6
Norton,02180000,Teachers,     202,95.2,8.5
Norwell,02190000,All Staff,     306,93.2,11.9
Norwell,02190000,Administrators,      22,96.6,6.7
Norwell,02190000,Teachers,     176,93.3,12.0
Norwood,02200000,All Staff,     627,93.8,11.1
Norwood,02200000,Administrators,      37,96.4,7.1
Norwood,02200000,Teachers,     348,93.8,11.2
Oak Bluffs,02210000,All Staff,     165,93.2,8.0
Oak Bluffs,02210000,Administrators,       9,96.5,3.2
Oak Bluffs,02210000,Teachers,      64,93.0,10.8
Old Colony Regional Vocational Technical,08550000,All Staff,      98,93.5,11.8
Old Colony Regional Vocational Technical,08550000,Administrators,      10,93.9,12.5
Old Colony Regional Vocational Technical,08550000,Teachers,      61,93.3,12.0
Old Rochester,07400000,All Staff,     180,93.7,11.4
Old Rochester,07400000,Administrators,      12,96.3,7.8
Old Rochester,07400000,Teachers,      91,93.3,11.9
Old Sturbridge Academy Charter Public School (District),35150000,All Staff,      63,95.5,8.2
Old Sturbridge Academy Charter Public School (District),35150000,Administrators,       6,96.0,8.7
Old Sturbridge Academy Charter Public School (District),35150000,Teachers,      26,93.8,11.2
Orange,02230000,All Staff,      89,92.8,13.7
Orange,02230000,Administrators,       8,95.0,12.3
Orange,02230000,Teachers,      40,93.1,12.4
Orleans,02240000,All Staff,      63,96.9,5.5
Orleans,02240000,Administrators,      10,99.8,0.4
Orleans,02240000,Teachers,      23,95.7,7.6
Oxford,02260000,All Staff,     257,93.3,11.8
Oxford,02260000,Administrators,      15,95.7,8.7
Oxford,02260000,Teachers,     142,93.0,12.4
Palmer,02270000,All Staff,     228,92.2,13.6
Palmer,02270000,Administrators,      12,95.6,9.5
Palmer,02270000,Teachers,     104,92.4,13.5
Pathfinder Regional Vocational Technical,08600000,All Staff,     125,93.9,11.3
Pathfinder Regional Vocational Technical,08600000,Administrators,      10,96.9,7.6
Pathfinder Regional Vocational Technical,08600000,Teachers,      72,94.2,10.2
Peabody,02290000,All Staff,     887,95.2,8.3
Peabody,02290000,Administrators,      40,96.8,5.7
Peabody,02290000,Teachers,     480,94.9,9.2
Pelham,02300000,All Staff,      66,96.3,7.3
Pelham,02300000,Administrators,      18,98.9,2.4
Pelham,02300000,Teachers,      14,92.2,13.7
Pembroke,02310000,All Staff,     312,95.0,9.3
Pembroke,02310000,Administrators,      24,95.8,9.8
Pembroke,02310000,Teachers,     183,94.9,9.4
Pentucket,07450000,All Staff,     353,95.4,8.5
Pentucket,07450000,Administrators,      31,97.2,6.2
Pentucket,07450000,Teachers,     195,95.2,8.7
Petersham,02340000,All Staff,      31,94.2,11.4
Petersham,02340000,Administrators,       8,94.7,12.9
Petersham,02340000,Teachers,      13,95.5,7.8
"Phoenix Academy Charter Public High School, Chelsea (District)",04930000,All Staff,      34,95.9,7.5
"Phoenix Academy Charter Public High School, Chelsea (District)",04930000,Administrators,      15,96.5,6.5
"Phoenix Academy Charter Public High School, Chelsea (District)",04930000,Teachers,      12,95.5,8.3
"Phoenix Academy Public Charter High School, Lawrence (District)",35180000,All Staff,      19,97.0,5.5
"Phoenix Academy Public Charter High School, Lawrence (District)",35180000,Administrators,       7,98.0,3.7
"Phoenix Academy Public Charter High School, Lawrence (District)",35180000,Teachers,       7,96.0,7.0
"Phoenix Academy Public Charter High School, Springfield (District)",35080000,All Staff,      25,96.3,7.0
"Phoenix Academy Public Charter High School, Springfield (District)",35080000,Administrators,       8,97.6,4.8
"Phoenix Academy Public Charter High School, Springfield (District)",35080000,Teachers,      12,95.5,8.3
Pioneer Charter School of Science (District),04940000,All Staff,     105,96.9,3.4
Pioneer Charter School of Science (District),04940000,Administrators,      14,97.4,4.3
Pioneer Charter School of Science (District),04940000,Teachers,      76,96.4,3.4
Pioneer Charter School of Science II (District),35060000,All Staff,      80,99.1,1.4
Pioneer Charter School of Science II (District),35060000,Administrators,       9,99.6,0.8
Pioneer Charter School of Science II (District),35060000,Teachers,      61,98.9,1.6
Pioneer Valley,07500000,All Staff,     152,90.8,16.8
Pioneer Valley,07500000,Administrators,      14,90.8,19.2
Pioneer Valley,07500000,Teachers,      61,91.8,14.6
Pioneer Valley Chinese Immersion Charter (District),04970000,All Staff,     124,95.3,8.1
Pioneer Valley Chinese Immersion Charter (District),04970000,Administrators,      14,96.2,6.6
Pioneer Valley Chinese Immersion Charter (District),04970000,Teachers,      82,96.5,6.5
Pioneer Valley Performing Arts Charter Public (District),04790000,All Staff,      87,92.1,13.9
Pioneer Valley Performing Arts Charter Public (District),04790000,Administrators,      10,95.5,10.2
Pioneer Valley Performing Arts Charter Public (District),04790000,Teachers,      46,92.4,14.0
Pittsfield,02360000,All Staff,     966,90.9,16.0
Pittsfield,02360000,Administrators,      73,93.2,13.3
Pittsfield,02360000,Teachers,     499,91.5,15.2
Plainville,02380000,All Staff,     121,94.3,10.3
Plainville,02380000,Administrators,       9,98.0,3.8
Plainville,02380000,Teachers,      54,94.5,10.1
Plymouth,02390000,All Staff,"   1,185",94.6,9.7
Plymouth,02390000,Administrators,      83,96.2,7.5
Plymouth,02390000,Teachers,     664,94.5,9.9
Plympton,02400000,All Staff,      65,94.3,10.5
Plympton,02400000,Administrators,      11,95.8,9.3
Plympton,02400000,Teachers,      19,93.2,12.6
Prospect Hill Academy Charter (District),04870000,All Staff,     172,94.9,9.3
Prospect Hill Academy Charter (District),04870000,Administrators,      22,95.5,8.5
Prospect Hill Academy Charter (District),04870000,Teachers,      96,95.0,9.2
Provincetown,02420000,All Staff,      37,94.6,8.3
Provincetown,02420000,Administrators,       3,-,-
Provincetown,02420000,Teachers,      24,95.4,7.3
Quabbin,07530000,All Staff,     355,94.7,9.2
Quabbin,07530000,Administrators,      19,96.7,5.8
Quabbin,07530000,Teachers,     154,94.3,10.0
Quaboag Regional,07780000,All Staff,     227,93.7,11.2
Quaboag Regional,07780000,Administrators,      13,95.9,8.7
Quaboag Regional,07780000,Teachers,      96,92.9,12.6
Quincy,02430000,All Staff,"   1,344",94.2,10.5
Quincy,02430000,Administrators,      87,96.0,7.7
Quincy,02430000,Teachers,     776,94.2,10.4
Ralph C Mahar,07550000,All Staff,     100,92.7,13.7
Ralph C Mahar,07550000,Administrators,       8,95.0,12.6
Ralph C Mahar,07550000,Teachers,      63,92.4,13.6
Randolph,02440000,All Staff,     479,92.1,14.0
Randolph,02440000,Administrators,      34,94.0,12.7
Randolph,02440000,Teachers,     254,92.1,14.1
Reading,02460000,All Staff,     659,93.8,11.3
Reading,02460000,Administrators,      51,97.1,6.0
Reading,02460000,Teachers,     343,93.5,11.9
Revere,02480000,All Staff,"   1,180",92.8,13.5
Revere,02480000,Administrators,      57,95.0,11.4
Revere,02480000,Teachers,     698,92.6,13.5
Richmond,02490000,All Staff,      42,92.4,12.3
Richmond,02490000,Administrators,       2,-,-
Richmond,02490000,Teachers,      19,91.7,14.5
Rising Tide Charter Public (District),04830000,All Staff,     105,95.1,8.5
Rising Tide Charter Public (District),04830000,Administrators,      16,94.5,9.9
Rising Tide Charter Public (District),04830000,Teachers,      65,95.3,8.2
River Valley Charter (District),04820000,All Staff,      58,93.7,10.9
River Valley Charter (District),04820000,Administrators,       7,91.3,17.4
River Valley Charter (District),04820000,Teachers,      26,93.4,12.2
Rochester,02500000,All Staff,      94,93.0,13.0
Rochester,02500000,Administrators,       8,96.1,9.5
Rochester,02500000,Teachers,      42,93.8,11.0
Rockland,02510000,All Staff,     336,93.3,12.0
Rockland,02510000,Administrators,      30,95.1,9.9
Rockland,02510000,Teachers,     184,93.6,11.5
Rockport,02520000,All Staff,     136,91.5,15.9
Rockport,02520000,Administrators,       8,93.8,15.4
Rockport,02520000,Teachers,      81,91.0,16.4
Rowe,02530000,All Staff,      27,96.4,6.2
Rowe,02530000,Administrators,       4,-,-
Rowe,02530000,Teachers,       9,94.8,7.4
Roxbury Preparatory Charter (District),04840000,All Staff,      98,97.2,5.6
Roxbury Preparatory Charter (District),04840000,Administrators,      29,97.5,5.4
Roxbury Preparatory Charter (District),04840000,Teachers,      45,97.3,5.7
Salem,02580000,All Staff,     827,91.0,16.7
Salem,02580000,Administrators,      58,91.7,17.8
Salem,02580000,Teachers,     396,91.3,15.9
Salem Academy Charter (District),04850000,All Staff,      88,93.8,11.2
Salem Academy Charter (District),04850000,Administrators,      18,94.8,10.7
Salem Academy Charter (District),04850000,Teachers,      56,93.7,10.8
Sandwich,02610000,All Staff,     395,94.0,11.0
Sandwich,02610000,Administrators,      31,94.8,10.6
Sandwich,02610000,Teachers,     199,93.4,12.0
Saugus,02620000,All Staff,     349,91.0,16.6
Saugus,02620000,Administrators,      16,82.2,40.1
Saugus,02620000,Teachers,     197,92.6,13.3
Savoy,02630000,All Staff,      17,96.0,7.1
Savoy,02630000,Administrators,       5,-,-
Savoy,02630000,Teachers,       8,94.4,8.5
Scituate,02640000,All Staff,     442,93.9,11.2
Scituate,02640000,Administrators,      34,96.0,8.7
Scituate,02640000,Teachers,     259,93.7,11.4
Seekonk,02650000,All Staff,     330,92.9,12.5
Seekonk,02650000,Administrators,      15,95.5,9.5
Seekonk,02650000,Teachers,     179,93.6,11.5
Sharon,02660000,All Staff,     554,93.2,12.3
Sharon,02660000,Administrators,      37,95.0,10.2
Sharon,02660000,Teachers,     277,93.8,11.2
Shawsheen Valley Regional Vocational Technical,08710000,All Staff,     215,93.2,12.4
Shawsheen Valley Regional Vocational Technical,08710000,Administrators,      12,92.3,16.3
Shawsheen Valley Regional Vocational Technical,08710000,Teachers,     137,93.7,11.4
Sherborn,02690000,All Staff,      96,93.5,11.6
Sherborn,02690000,Administrators,      13,95.1,9.2
Sherborn,02690000,Teachers,      39,94.1,10.7
Shrewsbury,02710000,All Staff,     981,93.9,11.4
Shrewsbury,02710000,Administrators,      55,96.1,8.1
Shrewsbury,02710000,Teachers,     464,93.9,11.3
Shutesbury,02720000,All Staff,      51,92.3,13.9
Shutesbury,02720000,Administrators,       6,92.3,18.3
Shutesbury,02720000,Teachers,      21,93.7,10.5
Silver Lake,07600000,All Staff,     269,93.7,11.3
Silver Lake,07600000,Administrators,      26,95.2,10.0
Silver Lake,07600000,Teachers,     149,93.3,12.1
Sizer School: A North Central Charter Essential (District),04740000,All Staff,      60,96.5,6.3
Sizer School: A North Central Charter Essential (District),04740000,Administrators,       7,97.2,5.7
Sizer School: A North Central Charter Essential (District),04740000,Teachers,      41,97.2,5.0
Somerset,02730000,All Staff,     302,92.7,12.8
Somerset,02730000,Administrators,      25,95.3,8.7
Somerset,02730000,Teachers,     146,92.6,13.2
Somerset Berkley Regional School District,07630000,All Staff,     148,93.9,11.4
Somerset Berkley Regional School District,07630000,Administrators,      23,94.6,10.8
Somerset Berkley Regional School District,07630000,Teachers,      89,93.9,11.1
Somerville,02740000,All Staff,     832,92.2,14.5
Somerville,02740000,Administrators,     106,93.4,13.5
Somerville,02740000,Teachers,     494,92.3,14.3
South Hadley,02780000,All Staff,     338,92.5,13.7
South Hadley,02780000,Administrators,      19,90.1,21.5
South Hadley,02780000,Teachers,     158,93.0,12.6
South Middlesex Regional Vocational Technical,08290000,All Staff,     150,94.6,10.1
South Middlesex Regional Vocational Technical,08290000,Administrators,      10,96.6,7.0
South Middlesex Regional Vocational Technical,08290000,Teachers,      94,94.4,10.0
South Shore Charter Public (District),04880000,All Staff,     170,94.1,10.8
South Shore Charter Public (District),04880000,Administrators,      14,94.4,11.9
South Shore Charter Public (District),04880000,Teachers,     101,94.1,10.9
South Shore Regional Vocational Technical,08730000,All Staff,     112,93.6,11.8
South Shore Regional Vocational Technical,08730000,Administrators,      11,96.7,6.9
South Shore Regional Vocational Technical,08730000,Teachers,      70,93.3,11.8
Southampton,02750000,All Staff,      87,92.7,12.0
Southampton,02750000,Administrators,       6,97.1,6.7
Southampton,02750000,Teachers,      43,91.0,14.7
Southborough,02760000,All Staff,     282,93.8,11.5
Southborough,02760000,Administrators,      23,95.5,9.7
Southborough,02760000,Teachers,     119,93.4,12.1
Southbridge,02770000,All Staff,     441,94.0,10.7
Southbridge,02770000,Administrators,      42,94.9,12.0
Southbridge,02770000,Teachers,     184,95.1,8.9
Southeastern Regional Vocational Technical,08720000,All Staff,     247,93.0,12.7
Southeastern Regional Vocational Technical,08720000,Administrators,      16,95.5,9.6
Southeastern Regional Vocational Technical,08720000,Teachers,     137,93.3,12.0
Southern Berkshire,07650000,All Staff,     142,91.2,15.8
Southern Berkshire,07650000,Administrators,      10,91.4,15.5
Southern Berkshire,07650000,Teachers,      79,93.1,12.4
Southern Worcester County Regional Vocational School District,08760000,All Staff,     179,94.8,9.5
Southern Worcester County Regional Vocational School District,08760000,Administrators,      16,92.6,15.0
Southern Worcester County Regional Vocational School District,08760000,Teachers,     116,95.8,7.6
Southwick-Tolland-Granville Regional School District,07660000,All Staff,     247,93.1,12.1
Southwick-Tolland-Granville Regional School District,07660000,Administrators,      15,96.1,7.5
Southwick-Tolland-Granville Regional School District,07660000,Teachers,     121,93.1,12.3
Spencer-E Brookfield,07670000,All Staff,     278,93.6,11.1
Spencer-E Brookfield,07670000,Administrators,      15,97.0,6.3
Spencer-E Brookfield,07670000,Teachers,     123,92.9,12.6
Springfield,02810000,All Staff,"   4,469",93.3,12.3
Springfield,02810000,Administrators,     229,95.5,9.6
Springfield,02810000,Teachers,"   2,338",93.9,11.4
Springfield International Charter (District),04410000,All Staff,     236,93.9,11.1
Springfield International Charter (District),04410000,Administrators,      28,93.6,13.6
Springfield International Charter (District),04410000,Teachers,     108,94.3,10.1
Springfield Preparatory Charter School (District),35100000,All Staff,      85,94.9,10.5
Springfield Preparatory Charter School (District),35100000,Administrators,      17,99.2,2.0
Springfield Preparatory Charter School (District),35100000,Teachers,      49,93.8,12.0
Stoneham,02840000,All Staff,     435,93.1,12.4
Stoneham,02840000,Administrators,      23,91.5,19.0
Stoneham,02840000,Teachers,     223,93.3,12.0
Stoughton,02850000,All Staff,     630,92.8,13.3
Stoughton,02850000,Administrators,      40,94.8,11.8
Stoughton,02850000,Teachers,     336,92.5,13.6
Sturbridge,02870000,All Staff,     147,93.5,11.6
Sturbridge,02870000,Administrators,       9,95.3,10.3
Sturbridge,02870000,Teachers,      70,93.7,11.3
Sturgis Charter Public (District),04890000,All Staff,     153,96.2,6.8
Sturgis Charter Public (District),04890000,Administrators,      11,96.9,5.5
Sturgis Charter Public (District),04890000,Teachers,     102,96.1,7.1
Sudbury,02880000,All Staff,     508,92.9,13.0
Sudbury,02880000,Administrators,      30,93.8,13.0
Sudbury,02880000,Teachers,     227,92.7,13.3
Sunderland,02890000,All Staff,      83,93.8,10.9
Sunderland,02890000,Administrators,       7,95.0,11.1
Sunderland,02890000,Teachers,      28,93.2,11.9
Sutton,02900000,All Staff,     225,96.2,1.1
Sutton,02900000,Administrators,      10,97.6,0.8
Sutton,02900000,Teachers,     101,97.7,0.6
Swampscott,02910000,All Staff,     345,92.5,13.5
Swampscott,02910000,Administrators,      30,92.0,15.8
Swampscott,02910000,Teachers,     189,92.3,14.0
Swansea,02920000,All Staff,     280,92.9,13.5
Swansea,02920000,Administrators,      25,91.4,18.6
Swansea,02920000,Teachers,     164,93.4,12.0
TEC Connections Academy Commonwealth Virtual School District,39020000,All Staff,     257,91.8,14.8
TEC Connections Academy Commonwealth Virtual School District,39020000,Administrators,      30,90.5,21.0
TEC Connections Academy Commonwealth Virtual School District,39020000,Teachers,     155,93.3,12.1
Tantasqua,07700000,All Staff,     251,94.6,9.6
Tantasqua,07700000,Administrators,      15,97.0,6.3
Tantasqua,07700000,Teachers,     151,94.5,9.9
Taunton,02930000,All Staff,"   1,156",93.5,11.8
Taunton,02930000,Administrators,      65,96.3,8.0
Taunton,02930000,Teachers,     607,93.1,12.5
Tewksbury,02950000,All Staff,     546,93.7,11.3
Tewksbury,02950000,Administrators,      21,94.9,11.2
Tewksbury,02950000,Teachers,     260,92.9,13.0
Tisbury,02960000,All Staff,     154,91.4,9.0
Tisbury,02960000,Administrators,      10,95.5,4.2
Tisbury,02960000,Teachers,      50,90.6,14.3
Topsfield,02980000,All Staff,     161,97.4,4.7
Topsfield,02980000,Administrators,      14,98.7,2.7
Topsfield,02980000,Teachers,      59,97.7,4.2
Tri-County Regional Vocational Technical,08780000,All Staff,     152,93.6,11.6
Tri-County Regional Vocational Technical,08780000,Administrators,      14,96.0,8.4
Tri-County Regional Vocational Technical,08780000,Teachers,      92,93.3,11.9
Triton,07730000,All Staff,     417,95.2,8.8
Triton,07730000,Administrators,      21,98.5,3.0
Triton,07730000,Teachers,     203,95.5,8.3
Truro,03000000,All Staff,      31,92.6,12.6
Truro,03000000,Administrators,       4,-,-
Truro,03000000,Teachers,      17,93.6,10.3
Tyngsborough,03010000,All Staff,     224,92.5,13.6
Tyngsborough,03010000,Administrators,      17,91.9,18.0
Tyngsborough,03010000,Teachers,     125,93.2,12.4
UP Academy Charter School of Dorchester (District),35050000,All Staff,     107,93.4,11.4
UP Academy Charter School of Dorchester (District),35050000,Administrators,      10,94.9,9.2
UP Academy Charter School of Dorchester (District),35050000,Teachers,      57,93.0,12.5
Up-Island Regional,07740000,All Staff,     185,90.3,11.3
Up-Island Regional,07740000,Administrators,      10,93.8,6.5
Up-Island Regional,07740000,Teachers,      70,89.6,15.8
Upper Cape Cod Regional Vocational Technical,08790000,All Staff,     115,92.9,12.7
Upper Cape Cod Regional Vocational Technical,08790000,Administrators,       6,96.8,7.3
Upper Cape Cod Regional Vocational Technical,08790000,Teachers,      89,93.8,11.2
Uxbridge,03040000,All Staff,     279,92.2,13.9
Uxbridge,03040000,Administrators,      12,97.1,5.9
Uxbridge,03040000,Teachers,     134,92.5,13.6
Veritas Preparatory Charter School (District),04980000,All Staff,     141,98.9,2.0
Veritas Preparatory Charter School (District),04980000,Administrators,      27,99.6,0.9
Veritas Preparatory Charter School (District),04980000,Teachers,      89,98.7,2.2
Wachusett,07750000,All Staff,     954,93.4,12.0
Wachusett,07750000,Administrators,      47,91.6,17.6
Wachusett,07750000,Teachers,     510,94.3,10.3
Wakefield,03050000,All Staff,     538,94.6,10.0
Wakefield,03050000,Administrators,      37,96.5,7.2
Wakefield,03050000,Teachers,     305,95.1,8.9
Wales,03060000,All Staff,      30,96.3,6.8
Wales,03060000,Administrators,       6,97.0,6.7
Wales,03060000,Teachers,      12,96.2,6.9
Walpole,03070000,All Staff,     556,93.6,11.5
Walpole,03070000,Administrators,      39,95.4,9.0
Walpole,03070000,Teachers,     317,94.0,10.9
Waltham,03080000,All Staff,"   1,059",92.7,13.2
Waltham,03080000,Administrators,      55,93.2,14.7
Waltham,03080000,Teachers,     608,92.9,12.7
Ware,03090000,All Staff,     180,94.0,10.4
Ware,03090000,Administrators,      11,96.5,7.5
Ware,03090000,Teachers,      91,93.6,11.1
Wareham,03100000,All Staff,     355,91.8,15.2
Wareham,03100000,Administrators,      15,93.2,14.9
Wareham,03100000,Teachers,     191,92.3,14.0
Warwick,03120000,All Staff,      16,96.8,4.9
Warwick,03120000,Administrators,       5,-,-
Warwick,03120000,Teachers,       7,97.3,4.3
Watertown,03140000,All Staff,     600,92.2,14.1
Watertown,03140000,Administrators,      38,95.3,10.0
Watertown,03140000,Teachers,     302,92.5,13.6
Wayland,03150000,All Staff,     514,94.7,9.7
Wayland,03150000,Administrators,      48,96.5,6.7
Wayland,03150000,Teachers,     267,94.6,9.9
Webster,03160000,All Staff,     314,91.9,14.5
Webster,03160000,Administrators,      17,95.5,9.5
Webster,03160000,Teachers,     146,92.0,14.5
Wellesley,03170000,All Staff,     868,95.1,8.7
Wellesley,03170000,Administrators,      55,95.9,7.9
Wellesley,03170000,Teachers,     405,95.3,8.6
Wellfleet,03180000,All Staff,      45,97.9,3.9
Wellfleet,03180000,Administrators,      10,100.0,0.0
Wellfleet,03180000,Teachers,      12,95.4,8.1
West Boylston,03220000,All Staff,     155,93.9,11.3
West Boylston,03220000,Administrators,       8,99.1,2.3
West Boylston,03220000,Teachers,      85,93.7,11.6
West Bridgewater,03230000,All Staff,     191,94.6,9.9
West Bridgewater,03230000,Administrators,      10,96.1,9.0
West Bridgewater,03230000,Teachers,     104,94.5,9.8
West Springfield,03320000,All Staff,     711,90.7,16.5
West Springfield,03320000,Administrators,      36,93.4,12.7
West Springfield,03320000,Teachers,     364,91.8,15.0
Westborough,03210000,All Staff,     675,93.0,11.7
Westborough,03210000,Administrators,      39,95.7,7.7
Westborough,03210000,Teachers,     372,92.9,12.1
Westfield,03250000,All Staff,     885,91.0,16.3
Westfield,03250000,Administrators,      50,91.9,17.5
Westfield,03250000,Teachers,     435,91.7,14.7
Westford,03260000,All Staff,     728,94.3,10.5
Westford,03260000,Administrators,      40,90.5,21.2
Westford,03260000,Teachers,     366,94.2,10.4
Westhampton,03270000,All Staff,      45,93.2,10.2
Westhampton,03270000,Administrators,       5,-,-
Westhampton,03270000,Teachers,      19,92.1,11.4
Weston,03300000,All Staff,     435,93.1,12.1
Weston,03300000,Administrators,      34,93.4,13.7
Weston,03300000,Teachers,     206,92.4,13.7
Westport,03310000,All Staff,     260,93.5,12.0
Westport,03310000,Administrators,      17,93.5,16.3
Westport,03310000,Teachers,     134,93.7,11.4
Westwood,03350000,All Staff,     534,94.5,9.9
Westwood,03350000,Administrators,      45,96.7,6.9
Westwood,03350000,Teachers,     245,94.6,9.7
Weymouth,03360000,All Staff,     879,92.5,13.8
Weymouth,03360000,Administrators,      51,95.1,10.9
Weymouth,03360000,Teachers,     442,92.3,14.1
Whately,03370000,All Staff,      57,95.1,9.5
Whately,03370000,Administrators,       7,95.4,10.4
Whately,03370000,Teachers,      18,95.3,8.2
Whitman-Hanson,07800000,All Staff,     522,93.2,12.4
Whitman-Hanson,07800000,Administrators,      34,95.5,9.8
Whitman-Hanson,07800000,Teachers,     257,93.2,12.3
Whittier Regional Vocational Technical,08850000,All Staff,     159,95.3,8.6
Whittier Regional Vocational Technical,08850000,Administrators,      16,96.6,7.3
Whittier Regional Vocational Technical,08850000,Teachers,     127,95.2,8.6
Williamsburg,03400000,All Staff,      41,93.7,10.4
Williamsburg,03400000,Administrators,       5,-,-
Williamsburg,03400000,Teachers,      19,93.3,10.5
Wilmington,03420000,All Staff,     517,93.9,11.0
Wilmington,03420000,Administrators,      33,96.4,7.6
Wilmington,03420000,Teachers,     281,93.8,11.1
Winchendon,03430000,All Staff,     189,94.5,9.4
Winchendon,03430000,Administrators,      15,98.4,2.7
Winchendon,03430000,Teachers,      88,94.7,9.1
Winchester,03440000,All Staff,     681,94.1,10.8
Winchester,03440000,Administrators,      50,96.6,7.0
Winchester,03440000,Teachers,     381,93.9,11.2
Winthrop,03460000,All Staff,     321,92.3,14.1
Winthrop,03460000,Administrators,      29,92.5,14.7
Winthrop,03460000,Teachers,     138,91.8,14.8
Woburn,03470000,All Staff,     830,92.8,12.6
Woburn,03470000,Administrators,      42,97.6,4.3
Woburn,03470000,Teachers,     419,93.1,12.2
Worcester,03480000,All Staff,"   4,185",92.6,13.5
Worcester,03480000,Administrators,     341,94.1,12.3
Worcester,03480000,Teachers,"   2,077",92.7,13.3
Worcester Cultural Academy Charter Public School (District),35190000,All Staff,      38,94.8,8.7
Worcester Cultural Academy Charter Public School (District),35190000,Administrators,       3,-,-
Worcester Cultural Academy Charter Public School (District),35190000,Teachers,      14,96.6,6.1
Worthington,03490000,All Staff,      25,90.9,12.2
Worthington,03490000,Administrators,       2,-,-
Worthington,03490000,Teachers,      10,90.8,12.7
Wrentham,03500000,All Staff,     178,90.6,16.8
Wrentham,03500000,Administrators,       9,95.1,10.9
Wrentham,03500000,Teachers,      85,90.7,16.5
State Totals,00000000,All Staff," 159,653",93.4,11.9
State Totals,00000000,Administrators,"  12,264",94.5,11.3
State Totals,00000000,Teachers,"  82,453",93.5,11.7
