DISTRICT_NAME,DISTRICT_CODE,TOTAL_STUDENTS,PERCENTAGE_GRADUATED,PERCENTAGE_STILL_IN_SCHOOL,PERCENTAGE_NON_GRADUATE_COMPLETORS,PERCENTAGE_HS_EQUIVALENT,PERCENTAGE_DROPPED_OUT,PERCENTAGE_PERMANENTLY_EXCLUDED
Greenfield,01140000,91,85.70,2.20,4.40,0.00,7.70,0.00
Lincoln-Sudbury,06950000,393,98.00,1.50,0.00,0.00,0.50,0.00
Lowell,01600000,909,80.20,5.90,0.90,0.70,12.30,0.00
Belchertown,00240000,146,89.70,2.10,0.70,0.00,7.50,0.00
South Hadley,02780000,134,92.50,3.00,1.50,0.00,3.00,0.00
Cape Cod Regional Vocational Technical,08150000,159,98.10,0.60,0.00,0.60,0.60,0.00
Whitman-Hanson,07800000,270,88.90,5.20,0.40,0.40,5.20,0.00
Libertas Academy Charter School (District),35140000,67,85.10,1.50,0.00,0.00,13.40,0.00
Northampton,02100000,237,92.40,3.80,0.40,0.40,3.00,0.00
Norfolk County Agricultural,09150000,147,98.60,0.00,0.00,0.00,1.40,0.00
Beverly,00300000,310,89.40,5.80,0.30,0.00,4.20,0.30
Mashpee,01720000,117,89.70,6.00,0.00,0.90,3.40,0.00
Auburn,00170000,182,92.30,2.20,0.00,0.00,5.50,0.00
Winchester,03440000,329,96.00,1.80,0.00,0.30,1.80,0.00
Taunton,02930000,611,89.00,3.10,0.00,0.30,7.50,0.00
Greater New Bedford Regional Vocational Technical,08250000,497,97.80,1.40,0.00,0.00,0.60,0.20
Southwick-Tolland-Granville Regional School District,07660000,86,96.50,3.50,0.00,0.00,0.00,0.00
Bellingham,00250000,166,88.00,5.40,0.00,0.60,6.00,0.00
Essex North Shore Agricultural and Technical School District,08170000,419,99.50,0.20,0.00,0.00,0.20,0.00
Stoneham,02840000,149,91.90,2.70,0.00,0.70,4.70,0.00
Hopkinton,01390000,331,95.80,3.60,0.30,0.00,0.30,0.00
Shawsheen Valley Regional Vocational Technical,08710000,322,98.10,0.00,0.00,0.00,1.90,0.00
Old Rochester,07400000,152,96.10,2.60,0.70,0.00,0.70,0.00
Lee,01500000,55,98.20,1.80,0.00,0.00,0.00,0.00
Hatfield,01270000,20,90.00,0.00,0.00,0.00,10.00,0.00
King Philip,06900000,277,95.30,2.20,0.00,0.40,2.20,0.00
Greater Lawrence Regional Vocational Technical,08230000,424,99.50,0.00,0.00,0.00,0.50,0.00
Boston,00350000,4154,81.30,9.50,0.10,0.30,8.80,0.00
Wayland,03150000,223,97.30,1.80,0.90,0.00,0.00,0.00
Agawam,00050000,239,92.50,2.50,0.00,0.80,4.20,0.00
Gill-Montague,06740000,49,81.60,4.10,0.00,0.00,14.30,0.00
Baystate Academy Charter Public School (District),35020000,43,86.00,0.00,0.00,0.00,4.70,9.30
Prospect Hill Academy Charter (District),04870000,59,93.20,1.70,0.00,1.70,3.40,0.00
Milford,01850000,369,79.70,4.30,0.30,0.50,15.20,0.00
Norton,02180000,171,93.00,0.60,0.60,0.60,5.30,0.00
Marshfield,01710000,324,95.70,2.50,0.00,0.60,1.20,0.00
Walpole,03070000,239,95.80,2.90,0.00,0.00,1.30,0.00
City on a Hill Charter Public School (District),04370000,43,72.10,0.00,0.00,0.00,25.60,2.30
Hull,01420000,64,95.30,1.60,0.00,0.00,3.10,0.00
Blackstone Valley Regional Vocational Technical,08050000,314,100.00,0.00,0.00,0.00,0.00,0.00
Milton,01890000,271,95.90,3.00,0.00,0.00,1.10,0.00
North Adams,02090000,87,83.90,8.00,0.00,0.00,8.00,0.00
Pathfinder Regional Vocational Technical,08600000,139,94.20,1.40,0.00,0.70,3.60,0.00
Dudley-Charlton Reg,06580000,212,90.60,3.80,0.50,0.50,4.70,0.00
Plymouth,02390000,627,91.70,1.80,0.00,0.30,6.20,0.00
Nantucket,01970000,160,90.60,2.50,0.60,0.00,6.20,0.00
New Heights Charter School of Brockton (District),35130000,108,96.30,2.80,0.00,0.00,0.90,0.00
Swansea,02920000,129,93.00,2.30,0.00,0.80,3.90,0.00
Berkshire Arts and Technology Charter Public (District),04140000,30,90.00,3.30,0.00,0.00,6.70,0.00
Newburyport,02040000,204,97.10,1.50,0.50,0.00,1.00,0.00
Lynnfield,01640000,141,97.90,1.40,0.00,0.00,0.70,0.00
Codman Academy Charter Public (District),04380000,36,88.90,5.60,0.00,0.00,5.60,0.00
Franklin County Regional Vocational Technical,08180000,160,93.80,0.00,0.00,0.60,5.60,0.00
Falmouth,00960000,210,91.00,2.90,0.00,1.90,4.30,0.00
Winthrop,03460000,160,91.20,3.10,0.00,0.60,5.00,0.00
Framingham,01000000,754,74.30,6.90,2.90,0.50,15.40,0.00
Frontier,06700000,97,91.80,3.10,0.00,1.00,4.10,0.00
Nashoba Valley Regional Vocational Technical,08520000,176,97.20,2.30,0.00,0.00,0.60,0.00
Worcester,03480000,2096,85.50,5.50,0.20,0.20,8.50,0.00
Medfield,01750000,182,96.70,2.20,0.00,0.00,1.10,0.00
Roxbury Preparatory Charter (District),04840000,111,85.60,1.80,0.00,0.00,12.60,0.00
Billerica,00310000,317,96.20,1.30,0.30,0.30,1.90,0.00
Springfield,02810000,1864,82.00,7.90,0.20,0.10,9.70,0.10
West Bridgewater,03230000,100,95.00,3.00,0.00,0.00,2.00,0.00
Grafton,01100000,220,93.60,3.20,0.00,0.50,2.70,0.00
Attleboro,00160000,566,92.20,3.40,0.20,0.20,4.10,0.00
Andover,00090000,415,98.10,1.70,0.00,0.00,0.20,0.00
Four Rivers Charter Public (District),04130000,32,100.00,0.00,0.00,0.00,0.00,0.00
Hampshire,06830000,104,97.10,1.00,0.00,0.00,1.90,0.00
Gloucester,01070000,202,84.70,5.00,0.50,0.50,9.40,0.00
Weymouth,03360000,482,89.40,3.70,0.20,0.80,5.80,0.00
Dover-Sherborn,06550000,157,98.10,1.90,0.00,0.00,0.00,0.00
Sandwich,02610000,151,89.40,5.30,0.00,0.70,4.60,0.00
Sutton,02900000,103,94.20,3.90,0.00,0.00,1.90,0.00
Woburn,03470000,369,91.10,3.50,0.00,0.00,5.40,0.00
Boston Day and Evening Academy Charter (District),04240000,158,21.50,48.10,0.00,1.90,27.80,0.60
Sizer School: A North Central Charter Essential (District),04740000,40,90.00,0.00,0.00,0.00,10.00,0.00
Gardner,01030000,238,87.80,5.50,0.40,0.80,5.50,0.00
"Phoenix Academy Public Charter High School, Springfield (District)",35080000,40,7.50,42.50,0.00,0.00,50.00,0.00
North Andover,02110000,347,96.50,0.90,0.60,0.30,1.70,0.00
Littleton,01580000,126,96.80,1.60,0.00,0.00,1.60,0.00
Westfield,03250000,422,91.70,2.10,0.70,0.00,5.50,0.00
Athol-Royalston,06150000,120,81.70,7.50,0.80,0.00,10.00,0.00
Bourne,00360000,83,90.40,4.80,0.00,0.00,4.80,0.00
Global Learning Charter Public (District),04960000,37,100.00,0.00,0.00,0.00,0.00,0.00
Oxford,02260000,104,95.20,1.90,0.00,0.00,2.90,0.00
Dracut,00790000,216,88.40,4.20,0.00,0.50,6.90,0.00
"Phoenix Academy Charter Public High School, Chelsea (District)",04930000,73,12.30,28.80,0.00,0.00,58.90,0.00
Duxbury,00820000,223,98.20,1.30,0.00,0.00,0.40,0.00
Gateway,06720000,37,86.50,10.80,0.00,0.00,2.70,0.00
Shrewsbury,02710000,451,94.50,4.00,0.00,0.00,1.60,0.00
Neighborhood House Charter (District),04440000,68,79.40,4.40,2.90,1.50,11.80,0.00
Hanover,01220000,176,96.60,2.30,0.00,0.60,0.60,0.00
Easton,00880000,299,98.00,1.70,0.00,0.00,0.30,0.00
Spencer-E Brookfield,07670000,75,76.00,5.30,2.70,2.70,12.00,1.30
Old Colony Regional Vocational Technical,08550000,132,99.20,0.00,0.00,0.00,0.80,0.00
Southern Worcester County Regional Vocational School District,08760000,285,98.90,0.70,0.00,0.00,0.40,0.00
Mystic Valley Regional Charter (District),04700000,76,96.10,3.90,0.00,0.00,0.00,0.00
Norwood,02200000,254,96.10,3.50,0.00,0.00,0.40,0.00
East Bridgewater,00830000,124,96.00,2.40,0.00,0.00,1.60,0.00
Northern Berkshire Regional Vocational Technical,08510000,132,97.70,0.00,0.00,0.80,1.50,0.00
Northeast Metropolitan Regional Vocational Technical,08530000,320,98.40,0.30,0.00,0.00,1.20,0.00
West Boylston,03220000,51,100.00,0.00,0.00,0.00,0.00,0.00
Salem Academy Charter (District),04850000,68,95.60,4.40,0.00,0.00,0.00,0.00
Upper Cape Cod Regional Vocational Technical,08790000,183,98.90,0.00,0.00,0.00,1.10,0.00
Mansfield,01670000,245,96.70,1.60,0.00,0.00,1.60,0.00
Cambridge,00490000,532,91.70,5.80,0.00,0.20,2.30,0.00
Wareham,03100000,107,79.40,14.00,0.90,0.00,5.60,0.00
Edward M. Kennedy Academy for Health Careers: A Horace Mann Charter Public School (District),04520000,82,91.50,1.20,0.00,0.00,6.10,1.20
Amherst-Pelham,06050000,202,92.60,4.50,0.00,0.50,2.50,0.00
Greater Fall River Regional Vocational Technical,08210000,355,98.90,0.00,0.60,0.00,0.60,0.00
Pembroke,02310000,174,95.40,3.40,0.00,0.00,1.10,0.00
Mohawk Trail,07170000,42,88.10,4.80,0.00,2.40,4.80,0.00
Manchester Essex Regional,06980000,116,97.40,0.90,0.00,0.00,1.70,0.00
Tri-County Regional Vocational Technical,08780000,221,100.00,0.00,0.00,0.00,0.00,0.00
Central Berkshire,06350000,121,94.20,2.50,0.00,0.00,3.30,0.00
Southern Berkshire,07650000,40,90.00,5.00,0.00,0.00,5.00,0.00
Norwell,02190000,154,97.40,1.30,0.00,0.60,0.60,0.00
Tewksbury,02950000,182,93.40,2.70,0.50,0.50,2.70,0.00
Narragansett,07200000,88,90.90,3.40,0.00,1.10,4.50,0.00
Saugus,02620000,208,84.10,6.20,0.00,0.50,9.10,0.00
Boston Green Academy Horace Mann Charter School (District),04110000,63,82.50,0.00,0.00,0.00,17.50,0.00
South Shore Charter Public (District),04880000,78,96.20,0.00,0.00,0.00,3.80,0.00
Rockport,02520000,46,91.30,0.00,0.00,2.20,6.50,0.00
North Brookfield,02150000,25,72.00,12.00,0.00,0.00,16.00,0.00
Stoughton,02850000,307,88.60,4.60,0.70,0.00,6.20,0.00
Salem,02580000,256,86.30,7.80,0.00,0.40,5.50,0.00
Ludlow,01610000,203,88.20,3.90,1.50,1.00,5.40,0.00
Monomoy Regional School District,07120000,155,97.40,1.90,0.00,0.00,0.60,0.00
Berkshire Hills,06180000,141,86.50,3.50,0.00,0.70,9.20,0.00
Bedford,00230000,224,98.70,0.00,0.00,0.40,0.90,0.00
Hamilton-Wenham,06750000,113,97.30,2.70,0.00,0.00,0.00,0.00
Uxbridge,03040000,148,87.80,7.40,0.00,1.40,3.40,0.00
Hadley,01170000,42,92.90,4.80,0.00,0.00,2.40,0.00
Dedham,00730000,206,88.80,4.90,0.00,0.50,5.80,0.00
North Attleborough,02120000,315,92.40,3.20,0.00,0.00,4.40,0.00
Match Charter Public School (District),04690000,63,82.50,7.90,0.00,1.60,7.90,0.00
Brockton,00440000,1383,75.40,11.20,1.60,0.10,11.60,0.00
Westborough,03210000,328,95.40,2.70,0.00,0.00,1.80,0.00
Quabbin,07530000,123,83.70,4.90,0.80,0.00,10.60,0.00
Everett,00930000,667,78.00,8.10,0.10,0.30,13.50,0.00
Longmeadow,01590000,233,96.60,3.00,0.00,0.00,0.40,0.00
Ashland,00140000,224,91.50,0.90,2.20,0.40,4.90,0.00
Danvers,00710000,195,92.30,4.60,0.00,0.00,3.10,0.00
Fitchburg,00970000,387,84.80,5.90,0.30,0.30,8.80,0.00
Minuteman Regional Vocational Technical,08300000,177,95.50,0.60,0.00,0.00,4.00,0.00
Whittier Regional Vocational Technical,08850000,310,99.00,0.00,0.00,0.30,0.60,0.00
Dartmouth,00720000,249,92.40,3.20,0.00,0.40,4.00,0.00
Palmer,02270000,78,94.90,3.80,1.30,0.00,0.00,0.00
Burlington,00480000,247,93.50,1.60,0.00,0.00,4.90,0.00
Braintree,00400000,448,95.50,0.70,0.00,0.00,3.80,0.00
Lawrence,01490000,1004,82.20,7.10,0.20,0.10,10.50,0.00
West Springfield,03320000,291,91.40,3.10,0.00,0.70,4.80,0.00
Southbridge,02770000,126,78.60,4.80,2.40,0.00,14.30,0.00
Berlin-Boylston,06200000,60,98.30,0.00,0.00,0.00,1.70,0.00
Easthampton,00860000,101,93.10,2.00,0.00,1.00,4.00,0.00
Sharon,02660000,281,95.70,2.80,0.00,0.40,1.10,0.00
Lexington,01550000,598,98.20,1.80,0.00,0.00,0.00,0.00
Peabody,02290000,399,83.70,8.00,0.30,0.30,7.80,0.00
Wakefield,03050000,221,95.50,1.80,0.00,0.50,2.30,0.00
Assabet Valley Regional Vocational Technical,08010000,274,98.50,0.00,0.00,0.00,1.50,0.00
Somerville,02740000,397,86.10,4.00,0.00,0.30,9.60,0.00
Newton,02070000,1021,95.50,3.00,0.00,0.10,1.40,0.00
Needham,01990000,420,97.90,1.70,0.00,0.00,0.50,0.00
Chelsea,00570000,511,70.10,14.10,0.00,0.40,15.50,0.00
Leominster,01530000,493,90.90,3.20,0.00,0.20,5.70,0.00
Innovation Academy Charter (District),04350000,94,94.70,3.20,0.00,0.00,2.10,0.00
Maynard,01740000,85,91.80,0.00,0.00,1.20,7.10,0.00
Northbridge,02140000,111,84.70,1.80,0.00,1.80,11.70,0.00
Medford,01760000,298,90.90,3.40,0.00,0.70,5.00,0.00
Concord-Carlisle,06400000,313,96.80,2.60,0.00,0.30,0.30,0.00
"Phoenix Academy Public Charter High School, Lawrence (District)",35180000,52,1.90,48.10,0.00,3.80,46.20,0.00
Abby Kelley Foster Charter Public (District),04450000,76,100.00,0.00,0.00,0.00,0.00,0.00
Scituate,02640000,205,96.10,2.90,0.00,0.00,1.00,0.00
Fall River,00950000,759,76.80,7.10,0.80,0.40,14.90,0.00
Millis,01870000,82,96.30,2.40,0.00,0.00,1.20,0.00
Cohasset,00650000,105,95.20,2.90,0.00,0.00,1.90,0.00
Methuen,01810000,541,90.90,2.40,0.70,0.20,5.70,0.00
Dighton-Rehoboth,06500000,172,91.90,4.70,0.00,0.60,2.90,0.00
Montachusett Regional Vocational Technical,08320000,345,98.60,0.60,0.00,0.00,0.90,0.00
Avon,00180000,60,90.00,5.00,0.00,0.00,5.00,0.00
Mendon-Upton,07100000,161,93.80,2.50,0.00,0.60,3.10,0.00
Weston,03300000,173,97.70,2.30,0.00,0.00,0.00,0.00
Lynn,01630000,1716,75.60,3.90,0.20,0.00,20.20,0.00
Mount Greylock,07150000,72,95.80,0.00,0.00,0.00,4.20,0.00
Bridgewater-Raynham,06250000,412,93.40,3.40,0.00,0.20,2.90,0.00
Silver Lake,07600000,256,97.70,2.00,0.00,0.00,0.40,0.00
Westport,03310000,96,96.90,0.00,0.00,1.00,2.10,0.00
Bristol-Plymouth Regional Vocational Technical,08100000,313,98.40,0.00,0.00,0.00,1.60,0.00
Westford,03260000,375,97.90,1.60,0.00,0.30,0.30,0.00
Natick,01980000,393,94.90,2.30,0.30,0.30,2.30,0.00
Sturgis Charter Public (District),04890000,198,98.00,0.50,0.00,0.50,1.00,0.00
Medway,01770000,176,93.20,1.70,0.00,0.60,4.50,0.00
Hampden Charter School of Science (District),04990000,116,94.00,1.70,0.00,0.90,3.40,0.00
Leicester,01510000,89,91.00,5.60,0.00,0.00,3.40,0.00
Monson,01910000,30,80.00,10.00,0.00,3.30,6.70,0.00
Rockland,02510000,143,85.30,4.90,0.00,0.00,9.80,0.00
Greater Commonwealth Virtual District,39010000,184,58.70,10.90,0.00,4.30,26.10,0.00
Hudson,01410000,191,87.40,5.80,0.00,0.50,6.30,0.00
Boston Preparatory Charter Public (District),04160000,75,96.00,4.00,0.00,0.00,0.00,0.00
Ipswich,01440000,121,95.00,4.10,0.00,0.80,0.00,0.00
Wilmington,03420000,152,93.40,3.90,1.30,0.00,1.30,0.00
South Middlesex Regional Vocational Technical,08290000,205,97.10,1.00,0.00,0.00,2.00,0.00
Martha's Vineyard,07000000,225,84.00,2.20,1.30,0.00,12.40,0.00
Tantasqua,07700000,288,95.50,2.40,0.00,0.70,1.40,0.00
Marblehead,01680000,248,97.60,2.00,0.00,0.40,0.00,0.00
Winchendon,03430000,75,70.70,4.00,0.00,1.30,24.00,0.00
Tyngsborough,03010000,103,97.10,1.90,0.00,0.00,1.00,0.00
Ashburnham-Westminster,06100000,153,98.00,2.00,0.00,0.00,0.00,0.00
Hoosac Valley Regional,06030000,50,86.00,0.00,0.00,0.00,14.00,0.00
Greater Lowell Regional Vocational Technical,08280000,571,98.60,0.90,0.20,0.00,0.40,0.00
Amesbury,00070000,134,82.10,14.90,0.70,1.50,0.70,0.00
Belmont,00260000,366,96.70,3.30,0.00,0.00,0.00,0.00
North Middlesex,07350000,214,88.80,4.70,0.00,0.50,6.10,0.00
Francis W. Parker Charter Essential (District),04780000,57,96.50,3.50,0.00,0.00,0.00,0.00
Revere,02480000,649,79.80,6.60,0.00,0.30,13.30,0.00
Holbrook,01330000,75,93.30,2.70,0.00,0.00,4.00,0.00
Argosy Collegiate Charter School (District),35090000,54,77.80,13.00,0.00,0.00,5.60,3.70
Barnstable,00200000,409,82.90,5.40,1.50,0.70,9.50,0.00
Advanced Math and Science Academy Charter (District),04300000,125,100.00,0.00,0.00,0.00,0.00,0.00
Harvard,01250000,88,95.50,4.50,0.00,0.00,0.00,0.00
Swampscott,02910000,169,93.50,4.10,0.00,0.60,1.80,0.00
Wachusett,07750000,489,93.90,3.50,0.00,0.40,2.20,0.00
Hampden-Wilbraham,06800000,245,95.90,0.80,0.80,0.80,1.60,0.00
Melrose,01780000,251,97.60,1.60,0.00,0.00,0.40,0.40
Boston Collegiate Charter (District),04490000,74,94.60,5.40,0.00,0.00,0.00,0.00
Atlantis Charter (District),04910000,80,93.80,2.50,0.00,0.00,3.80,0.00
Blackstone-Millville,06220000,99,91.90,3.00,0.00,0.00,5.10,0.00
Granby,01110000,52,100.00,0.00,0.00,0.00,0.00,0.00
South Shore Regional Vocational Technical,08730000,164,98.20,0.00,0.00,0.00,1.80,0.00
Foxborough,00990000,199,95.00,3.50,0.00,0.50,1.00,0.00
Fairhaven,00940000,151,94.00,3.30,0.00,0.70,2.00,0.00
Groton-Dunstable,06730000,170,95.30,4.10,0.60,0.00,0.00,0.00
Canton,00500000,232,94.80,2.60,0.00,0.40,1.70,0.40
Clinton,00640000,130,90.00,6.20,0.80,0.80,2.30,0.00
Ware,03090000,86,89.50,4.70,0.00,0.00,5.80,0.00
Carver,00520000,95,95.80,3.20,0.00,0.00,1.10,0.00
Brooke Charter School (District),04280000,105,90.50,1.90,0.00,1.90,5.70,0.00
Freetown-Lakeville,06650000,176,96.00,2.80,0.60,0.00,0.60,0.00
Randolph,02440000,198,85.90,5.60,0.50,0.00,8.10,0.00
Chelmsford,00560000,347,96.00,1.20,0.00,0.30,2.60,0.00
KIPP Academy Lynn Charter (District),04290000,126,97.60,0.80,0.00,0.00,1.60,0.00
Academy Of the Pacific Rim Charter Public (District),04120000,43,97.70,0.00,0.00,0.00,2.30,0.00
Foxborough Regional Charter (District),04460000,86,96.50,1.20,0.00,0.00,2.30,0.00
Northampton-Smith Vocational Agricultural,04060000,145,96.60,0.70,0.00,0.70,1.40,0.70
Collegiate Charter School of Lowell (District),35030000,58,82.80,1.70,0.00,1.70,13.80,0.00
Haverhill,01280000,549,86.70,4.70,0.40,0.40,7.80,0.00
TEC Connections Academy Commonwealth Virtual School District,39020000,681,45.70,12.90,0.30,6.60,34.20,0.30
Map Academy Charter School (District),35170000,61,27.90,63.90,0.00,0.00,8.20,0.00
Somerset Berkley Regional School District,07630000,222,93.70,3.20,0.50,0.00,2.70,0.00
Northboro-Southboro,07300000,299,97.70,1.30,0.00,0.00,1.00,0.00
Ma Academy for Math and Science,04680000,49,100.00,0.00,0.00,0.00,0.00,0.00
Pentucket,07450000,154,98.10,0.60,0.00,0.00,1.30,0.00
Ralph C Mahar,07550000,83,80.70,4.80,0.00,2.40,12.00,0.00
Pioneer Valley,07500000,37,97.30,0.00,0.00,0.00,2.70,0.00
Triton,07730000,156,92.90,3.80,0.00,0.00,3.20,0.00
Pioneer Valley Chinese Immersion Charter (District),04970000,34,100.00,0.00,0.00,0.00,0.00,0.00
Pioneer Charter School of Science (District),04940000,53,100.00,0.00,0.00,0.00,0.00,0.00
Seekonk,02650000,154,96.80,1.30,0.00,0.60,1.30,0.00
Pioneer Charter School of Science II (District),35060000,44,93.20,4.50,0.00,0.00,2.30,0.00
Nauset,06600000,206,96.10,2.90,0.00,0.00,1.00,0.00
Excel Academy Charter (District),04100000,163,95.10,2.50,0.60,0.00,1.80,0.00
Holliston,01360000,206,95.10,3.90,0.00,0.00,1.00,0.00
Pioneer Valley Performing Arts Charter Public (District),04790000,69,94.20,0.00,0.00,1.40,4.30,0.00
Malden,01650000,528,85.20,5.30,0.00,0.40,9.10,0.00
Franklin,01010000,393,97.70,2.00,0.00,0.00,0.30,0.00
State Totals,00000000,76414,89.30,4.30,0.20,0.30,5.80,0.00
Pittsfield,02360000,437,79.20,6.40,0.20,1.40,12.80,0.00
Middleborough,01820000,223,88.80,4.50,0.00,0.00,6.70,0.00
Bristol County Agricultural,09100000,150,98.00,0.00,0.00,0.70,1.30,0.00
Brookline,00460000,555,95.90,2.20,0.00,0.40,1.60,0.00
New Bedford,02010000,861,79.90,5.10,0.30,0.90,13.70,0.00
Millbury,01860000,128,93.80,2.30,0.00,0.80,3.10,0.00
Watertown,03140000,209,87.60,4.80,0.00,0.00,7.70,0.00
Southeastern Regional Vocational Technical,08720000,385,99.50,0.00,0.00,0.00,0.50,0.00
Quaboag Regional,07780000,83,91.60,1.20,0.00,1.20,6.00,0.00
Westwood,03350000,210,98.60,0.50,0.00,0.00,1.00,0.00
Hingham,01310000,272,94.90,3.30,0.00,0.00,1.50,0.40
East Longmeadow,00870000,176,97.20,1.10,0.00,0.60,1.10,0.00
Marlborough,01700000,300,90.70,4.70,0.00,0.00,4.70,0.00
Reading,02460000,265,98.10,1.10,0.00,0.00,0.80,0.00
Douglas,00770000,65,98.50,1.50,0.00,0.00,0.00,0.00
Waltham,03080000,542,74.50,6.60,1.80,0.20,16.80,0.00
Lenox,01520000,60,95.00,1.70,0.00,0.00,3.30,0.00
Lunenburg,01620000,101,96.00,1.00,0.00,0.00,3.00,0.00
Georgetown,01050000,66,93.90,1.50,1.50,1.50,1.50,0.00
Lowell Middlesex Academy Charter (District),04580000,47,38.30,36.20,0.00,4.30,21.30,0.00
Hopedale,01380000,62,96.80,0.00,0.00,0.00,3.20,0.00
Dennis-Yarmouth,06450000,194,89.70,5.70,0.50,0.00,4.10,0.00
Holyoke,01370000,402,80.80,7.20,0.50,0.50,10.70,0.20
Abington,00010000,136,91.20,4.40,0.00,0.00,4.40,0.00
Quincy,02430000,802,93.90,3.20,0.00,0.20,2.60,0.00
Acton-Boxborough,06000000,408,94.40,3.40,0.00,0.20,2.00,0.00
Nashoba,07250000,206,94.20,3.90,0.00,0.50,1.50,0.00
Chicopee,00610000,548,88.10,1.50,0.00,1.50,8.90,0.00
Ayer Shirley School District,06160000,123,94.30,2.40,0.00,0.00,3.30,0.00
Blue Hills Regional Vocational Technical,08060000,218,98.20,1.80,0.00,0.00,0.00,0.00
Community Charter School of Cambridge (District),04360000,40,92.50,5.00,0.00,0.00,2.50,0.00
Springfield International Charter (District),04410000,108,94.40,0.90,0.00,0.00,4.60,0.00
Webster,03160000,109,78.00,12.80,0.00,0.00,9.20,0.00
Arlington,00100000,402,96.80,2.50,0.00,0.00,0.50,0.20
Wellesley,03170000,338,95.30,4.10,0.00,0.00,0.60,0.00
Masconomet,07050000,223,96.90,2.20,0.00,0.00,0.90,0.00
North Reading,02170000,165,97.60,1.80,0.00,0.00,0.60,0.00
Rising Tide Charter Public (District),04830000,56,92.90,1.80,0.00,1.80,3.60,0.00
