DISTRICT_NAME,DISTRICT_CODE,IN_DISTRICT_EXPENDITURES,TOTAL_IN_DISTRICT_FTES,IN_DISTRICT_EXPENDITURES_PER_PUPIL,TOTAL_EXPENDITURES,TOTAL_PUPIL_FTES,TOTAL_EXPENDITURES_PER_PUPIL
Burlington,00480000,88964890.00,3544.20,25101.58,101223928.90,3650.10,27731.65
Malden,01650000,127616493.00,6272.20,20346.48,151003339.70,7014.30,21528.02
North Attleborough,02120000,66192554.00,3988.40,16596.29,72117826.00,4149.70,17379.26
Hampden-Wilbraham,06800000,52686126.00,2858.00,18434.79,57234888.76,2950.40,19398.99
West Bridgewater,03230000,22426639.89,1396.30,16061.73,24786339.25,1431.80,17311.60
Innovation Academy Charter (District),04350000,14435529.00,790.50,18260.34,14435529.00,790.50,18260.34
Athol-Royalston,06150000,30989939.00,1632.60,18981.76,35648472.42,1887.20,18889.79
East Longmeadow,00870000,48664400.34,2502.70,19444.76,53179205.82,2599.80,20454.97
Tyngsborough,03010000,29366742.00,1540.90,19057.97,33897772.05,1689.50,20064.20
Spencer-E Brookfield,07670000,26845662.00,1403.10,19132.58,31853195.09,1677.40,18989.54
Fall River,00950000,260922821.00,10880.60,23980.53,307277447.30,13005.70,23626.33
Academy Of The Pacific Rim Charter Public (District),04120000,13577682.67,452.60,29997.97,13577682.67,452.60,29997.97
Weston,03300000,61272627.18,2058.80,29760.93,64876656.80,2081.30,31170.97
State Totals,00000000,19453875893.00,867936.70,22413.93,22003229656.00,949843.60,23165.11
Medway,01770000,39540845.00,2180.40,18134.95,43630240.31,2283.10,19109.68
Libertas Academy Charter School (District),35140000,9706225.70,503.90,19261.06,9706225.70,503.90,19261.06
Nashoba,07250000,64905773.01,3039.80,21351.68,69069475.13,3179.70,21722.26
Hopkinton,01390000,72727145.94,4199.50,17317.87,77969648.42,4257.10,18315.15
Cape Cod Lighthouse Charter (District),04320000,4190035.70,249.80,16776.92,4190035.70,249.80,16776.92
Gateway,06720000,18804416.53,739.50,25430.08,20842281.95,846.60,24619.65
Walpole,03070000,70326751.50,3646.50,19286.16,75906001.44,3739.60,20297.71
Benjamin Franklin Classical Charter Public (District),04470000,15980544.00,886.30,18030.22,15980544.00,886.30,18030.22
Cape Cod Regional Vocational Technical,08150000,18621448.00,648.10,28730.40,18651585.90,652.50,28585.49
Andover,00090000,129211369.60,5488.20,23543.37,136436312.20,5582.30,24441.06
Winthrop,03460000,36004344.43,1963.40,18337.96,39137771.83,2027.00,19308.10
Hadley,01170000,12984207.50,515.80,25173.49,14925104.75,623.70,23928.88
Westford,03260000,83869681.00,4645.50,18054.07,91389543.31,4744.40,19262.69
Community Day Charter Public School (District),04400000,24983890.00,1197.50,20863.55,24983890.00,1197.50,20863.55
Berlin-Boylston,06200000,21750000.00,1096.70,19832.32,24479577.03,1166.30,20989.43
Deerfield,00740000,7720685.60,316.70,24381.11,8229487.71,354.70,23199.37
Sturbridge,02870000,16301818.58,904.40,18024.57,20017818.54,941.70,21257.96
Lincoln-Sudbury,06950000,34755630.00,1437.20,24182.78,42619589.60,1495.20,28504.29
Palmer,02270000,24578476.09,1061.50,23154.60,29088490.03,1233.90,23575.39
Scituate,02640000,56069349.24,2743.80,20434.59,60093697.66,2794.00,21508.37
"Phoenix Academy Public Charter High School, Lawrence (District)",35180000,3388139.59,104.40,32444.12,3388139.59,104.40,32444.12
Greenfield,01140000,33786934.85,1394.00,24237.21,41494116.51,1869.40,22195.91
Dedham,00730000,66912680.41,2674.00,25023.02,76095598.41,2805.00,27128.50
Berkshire Arts And Technology Charter Public (District),04140000,8149847.65,362.30,22492.27,8149847.65,362.30,22492.27
Dudley Street Neighborhood Charter School (District),04070000,7031439.08,333.30,21093.45,7031439.08,333.30,21093.45
Tantasqua,07700000,31601495.00,1749.30,18065.22,32044256.94,1814.30,17661.97
Easthampton,00860000,24386250.69,1403.70,17372.49,31513810.75,1711.70,18410.60
South Shore Regional Vocational Technical,08730000,19811402.00,659.90,30020.81,19811402.00,659.90,30020.81
Medford,01760000,94136254.16,4159.70,22630.66,108100078.30,4624.00,23377.91
Greater Lawrence Regional Vocational Technical,08230000,53213624.00,1742.70,30534.67,53337423.12,1747.20,30527.41
Lexington,01550000,178521640.50,6828.40,26144.06,193203807.20,6941.80,27831.89
Pioneer Valley Chinese Immersion Charter (District),04970000,11121708.70,547.90,20297.31,11121708.70,547.90,20297.31
Bridge Boston Charter School (District),04170000,10688598.46,334.20,31986.47,10688598.46,334.20,31986.47
Brewster,00410000,12033209.00,436.20,27588.21,12263205.81,454.20,27000.89
Assabet Valley Regional Vocational Technical,08010000,31780934.07,1098.50,28932.09,31848954.27,1101.20,28921.34
Randolph,02440000,66651636.35,2770.70,24056.12,79169176.95,3295.20,24025.87
Dartmouth,00720000,61546955.50,3394.60,18131.08,67798926.27,3506.50,19335.48
Harvard,01250000,23466075.00,1012.80,23169.38,27130865.00,1072.10,25306.23
Sizer School: A North Central Charter Essential (District),04740000,5829226.33,309.60,18825.82,5829226.33,309.60,18825.82
Tewksbury,02950000,68271445.97,3255.00,20974.22,79404942.89,3423.30,23195.20
Up-Island Regional,07740000,14349403.00,401.50,35738.50,15804043.55,455.10,34727.21
Mount Greylock,07150000,26194818.33,1206.90,21704.52,27566960.68,1268.70,21729.20
Fitchburg,00970000,107395145.50,5147.00,20865.76,128755298.50,5895.30,21840.48
Mashpee,01720000,35105403.71,1435.50,24455.84,38479651.02,1593.40,24148.93
Pembroke,02310000,45875604.51,2425.90,18910.97,52492802.42,2562.90,20481.42
Leverett,01540000,3109768.00,141.90,21910.06,3127894.00,145.40,21519.25
"Phoenix Academy Charter Public High School, Chelsea (District)",04930000,6251264.88,190.00,32897.93,6251264.88,190.00,32897.93
Chicopee,00610000,156259904.90,6833.90,22865.28,169003424.00,7529.70,22444.84
Excel Academy Charter (District),04100000,33003626.00,1361.60,24238.68,33003626.00,1361.60,24238.68
Tec Connections Academy Commonwealth Virtual School District,39020000,26758228.70,2936.90,9111.01,26758228.70,2936.90,9111.01
Wrentham,03500000,18493958.88,946.20,19545.74,19692123.50,1002.40,19644.95
Ashland,00140000,48750931.08,2914.80,16725.12,53207414.57,2968.80,17922.30
Dover-Sherborn,06550000,28456242.00,1124.00,25317.69,30157182.62,1152.50,26166.58
Grafton,01100000,49743165.15,3089.60,16100.43,54882378.49,3188.80,17211.22
Waltham,03080000,146930813.30,5730.70,25639.04,156358127.30,5922.10,26402.48
Douglas,00770000,20986631.32,1130.00,18571.97,23761987.83,1206.60,19693.63
Westport,03310000,27758105.00,1531.60,18123.07,30644693.42,1669.00,18361.35
Weymouth,03360000,109098757.60,5567.10,19596.94,125777564.00,5997.10,20973.09
Wilmington,03420000,66537061.89,2775.90,23969.40,74369575.12,2881.60,25808.08
Southwick-Tolland-Granville Regional School District,07660000,26661633.62,1312.80,20308.38,29716848.73,1431.90,20753.07
Wachusett,07750000,112456183.60,6661.10,16882.65,126944971.50,6937.80,18297.64
Maynard,01740000,29128979.04,1218.40,23906.80,33934811.69,1384.80,24505.40
Amherst,00080000,31313934.00,1001.50,31267.55,34090794.30,1135.40,30024.74
North Adams,02090000,31404358.02,1196.00,26257.58,36918668.64,1447.40,25507.55
Quabbin,07530000,42105087.41,2151.70,19567.94,45793281.18,2261.30,20250.86
Ashburnham-Westminster,06100000,36415193.29,2246.70,16208.58,39596745.71,2335.70,16952.56
Peabody,02290000,113078477.80,5905.60,19147.58,128983015.40,6252.80,20628.20
Marlborough,01700000,96901700.65,4810.90,20141.95,113364998.10,5571.90,20345.80
North Brookfield,02150000,9404824.61,404.50,23248.90,12153777.31,618.90,19637.04
Mattapoisett,01730000,10078626.00,389.10,25900.93,10694308.63,398.70,26823.69
Williamsburg,03400000,3217557.88,122.30,26301.56,3910409.54,160.60,24343.70
Benjamin Banneker Charter Public (District),04200000,7523015.23,343.70,21888.96,7523015.23,343.70,21888.96
Manchester Essex Regional,06980000,30028892.00,1195.40,25121.42,33636823.84,1227.80,27395.09
Swampscott,02910000,41222288.61,2070.20,19912.01,47865984.38,2202.20,21735.64
Northeast Metropolitan Regional Vocational Technical,08530000,36320318.12,1327.00,27369.45,36330463.12,1328.00,27356.48
Bristol County Agricultural,09100000,14560298.64,581.80,25028.21,14560298.64,581.80,25028.21
Cohasset,00650000,32184950.75,1429.40,22516.49,35254149.68,1461.70,24119.42
Westborough,03210000,79864903.85,3889.30,20534.46,83704903.46,3952.50,21177.97
Fairhaven,00940000,30321108.28,1754.00,17286.73,33262661.34,1821.60,18259.68
Boston,00350000,1654097163.00,47146.90,35083.89,2043435201.00,60359.90,33854.18
Frontier,06700000,13174662.91,602.10,21880.99,14986743.58,656.30,22836.25
Littleton,01580000,30764510.48,1667.70,18446.78,34794940.60,1762.50,19741.36
Freetown-Lakeville,06650000,44301554.58,2686.10,16493.13,48422605.36,2800.40,17291.10
Helen Y. Davis Leadership Academy Charter Public (District),04190000,3330708.96,88.30,37720.37,3330708.96,88.30,37720.37
Amesbury,00070000,41319727.93,1817.90,22729.93,47580888.50,2056.60,23135.42
Concord-Carlisle,06400000,34725127.91,1213.00,28628.00,38630802.16,1258.00,30708.57
Pioneer Charter School Of Science (District),04940000,14572577.11,780.00,18682.31,14572577.11,780.00,18682.31
Greater New Bedford Regional Vocational Technical,08250000,61919117.93,2127.10,29109.19,61965733.25,2135.60,29015.70
Atlantis Charter (District),04910000,21697089.00,1257.80,17249.89,21697089.00,1257.80,17249.89
Chesterfield-Goshen,06320000,3049682.01,137.50,22179.51,3140483.08,151.60,20719.99
Hampden Charter School Of Science East (District),04990000,9737298.00,540.40,18017.69,9737298.00,540.40,18017.69
Essex North Shore Agricultural And Technical School District,08170000,40319722.29,1703.40,23669.83,40982553.88,1716.80,23871.03
Marion,01690000,8419136.00,375.80,22400.59,9179163.00,389.00,23595.14
Leominster,01530000,113294283.30,6007.00,18860.45,125393434.30,6393.90,19611.45
City On A Hill Charter Public School (District),04370000,6638832.22,188.70,35180.08,6638832.22,188.70,35180.08
Silver Lake,07600000,36228373.00,1580.20,22926.77,37847260.79,1681.60,22507.17
Shawsheen Valley Regional Vocational Technical,08710000,38578287.85,1272.10,30326.46,38589799.09,1273.90,30293.12
Roxbury Preparatory Charter (District),04840000,32251621.97,1105.40,29176.43,32251621.97,1105.40,29176.43
Map Academy Charter School (District),35170000,5852118.79,278.60,21004.70,5852118.79,278.60,21004.70
Natick,01980000,107569766.60,5314.70,20239.94,118488824.40,5442.20,21772.31
Bedford,00230000,59145395.00,2561.10,23093.55,66387166.34,2612.60,25410.18
Wellesley,03170000,115932138.70,4086.50,28369.35,124192652.30,4157.90,29869.34
Southbridge,02770000,46430703.01,1888.60,24585.30,54818209.11,2306.30,23768.91
Milton,01890000,82745697.18,4324.60,19133.62,91948508.57,4404.10,20877.78
Savoy,02630000,1086195.32,47.00,23099.62,1328009.12,62.50,21255.70
Sandwich,02610000,56041877.00,2119.20,26445.17,63821526.89,2392.20,26678.89
Southern Berkshire,07650000,20348754.74,613.60,33162.30,21525250.47,757.70,28410.46
Southampton,02750000,7809425.55,472.40,16533.13,9548122.48,549.10,17388.08
Winchester,03440000,80741779.67,4311.80,18725.77,87308028.52,4380.20,19932.59
Bristol-Plymouth Regional Vocational Technical,08100000,32213555.20,1300.30,24773.41,32288054.19,1311.30,24622.41
Northbridge,02140000,33697610.92,1875.30,17969.50,39356844.51,2097.80,18760.78
Up Academy Charter School Of Dorchester (District),35050000,12795448.74,580.10,22058.56,12795448.74,580.10,22058.56
Newburyport,02040000,47687263.52,2168.80,21987.91,54141209.96,2330.30,23233.34
Rochester,02500000,8423213.00,483.40,17426.54,9036552.36,498.90,18113.44
Whitman-Hanson,07800000,62467539.44,3455.30,18078.82,69176103.49,3622.90,19094.19
Pathfinder Regional Vocational Technical,08600000,17294581.21,631.90,27370.62,17427140.79,647.50,26913.39
Eastham,00850000,5522382.00,179.40,30787.28,5979840.99,216.30,27641.93
Boxford,00380000,16530927.00,767.70,21534.46,17524881.00,778.50,22511.25
Pittsfield,02360000,117042517.00,4930.80,23737.16,131559242.00,5805.50,22661.25
Brookline,00460000,187685858.00,7034.00,26682.66,197687064.20,7120.00,27765.05
Community Charter School Of Cambridge (District),04360000,8270435.79,259.30,31890.32,8270435.79,259.30,31890.32
Worcester,03480000,546111164.90,24576.00,22221.28,620492246.20,27606.40,22476.41
Agawam,00050000,73697806.62,3523.00,20918.95,80813510.40,3690.60,21896.84
Amherst-Pelham,06050000,34141149.00,1209.30,28231.90,38695548.18,1356.00,28536.40
Lunenburg,01620000,26914321.89,1580.50,17028.81,29576884.93,1680.40,17601.06
Uxbridge,03040000,33444420.00,1637.10,20429.06,38838843.53,1808.70,21472.91
Mansfield,01670000,72321864.85,3347.30,21606.21,79100587.77,3457.40,22878.50
Hamilton-Wenham,06750000,37036134.61,1660.60,22303.46,42069615.98,1714.30,24540.09
Southern Worcester County Regional Vocational School District,08760000,28427177.46,1159.60,24515.58,28763215.23,1214.00,23693.02
Kipp Academy Boston Charter School (District),04630000,17391067.14,597.90,29085.94,17391067.14,597.90,29085.94
Marshfield,01710000,71490755.80,3668.60,19487.03,76490761.52,3769.20,20293.64
Argosy Collegiate Charter School (District),35090000,11761569.64,566.60,20759.62,11761569.64,566.60,20759.62
Springfield,02810000,631330588.00,23722.90,26612.69,749025113.50,29467.90,25418.32
Lawrence Family Development Charter (District),04540000,17194470.75,878.80,19566.97,17194470.75,878.80,19566.97
Nantucket,01970000,48745738.00,1681.20,28994.23,50629867.00,1693.40,29898.35
Beverly,00300000,84199902.00,4528.20,18594.61,94776730.31,4712.30,20112.43
Mystic Valley Regional Charter (District),04700000,24155324.00,1654.40,14600.74,24155324.00,1654.40,14600.74
Nauset,06600000,35164389.00,1211.10,29035.35,41798584.78,1411.60,29611.16
Northern Berkshire Regional Vocational Technical,08510000,13526738.00,491.20,27536.59,13564023.34,496.20,27334.27
Holyoke,01370000,121052830.90,4898.90,24710.35,152926671.40,6164.70,24807.01
Ludlow,01610000,44856703.00,2251.00,19927.70,50961278.57,2376.60,21443.04
Up Academy Charter School Of Boston (District),04800000,8250712.64,159.20,51811.62,8250712.64,159.20,51811.62
Hudson,01410000,53175233.64,2390.70,22242.12,62713516.33,2672.00,23470.90
Kingston,01450000,15410513.00,1282.00,12020.68,20874863.00,1332.80,15662.02
Greater Lowell Regional Vocational Technical,08280000,61838892.00,2297.40,26917.16,61892491.44,2307.40,26823.74
Hull,01420000,23427233.66,752.30,31138.97,25181180.73,791.30,31820.71
Erving,00910000,4242453.00,122.70,34567.99,6172211.83,207.80,29703.61
Old Colony Regional Vocational Technical,08550000,14373435.00,545.40,26355.28,14449708.00,550.40,26254.43
King Philip,06900000,39494489.86,1852.90,21315.47,46511548.59,1977.50,23520.95
New Bedford,02010000,292262543.50,12612.00,23173.40,336914971.40,14587.30,23096.45
Dover,00780000,11523087.00,508.70,22652.52,13790614.00,517.70,26638.81
Danvers,00710000,65157358.18,3304.80,19716.21,74994769.16,3451.50,21728.28
Montachusett Regional Vocational Technical,08320000,36386360.18,1426.80,25501.68,36639398.60,1471.00,24907.27
Ralph C Mahar,07550000,14520236.00,500.00,29040.47,17433538.01,621.80,28036.16
Haverhill,01280000,157025892.00,7996.00,19638.11,177517005.20,8721.90,20353.02
Florida,00980000,1988284.79,85.80,23174.98,2080922.79,94.00,22127.01
Northampton-Smith Vocational Agricultural,04060000,17625381.38,561.40,31395.10,17625381.38,561.40,31395.10
Belmont,00260000,80736654.00,4420.10,18265.66,95396137.24,4574.80,20852.48
Falmouth,00960000,73278951.00,2907.20,25206.22,79798957.02,3129.70,25496.98
Masconomet,07050000,37998869.10,1514.90,25083.05,43763601.02,1595.70,27426.47
River Valley Charter (District),04820000,5196054.78,287.50,18072.61,5196054.78,287.50,18072.61
Blackstone-Millville,06220000,27043183.00,1451.50,18631.84,31394723.47,1666.90,18834.31
Canton,00500000,68465342.54,3264.70,20971.12,78911626.06,3352.40,23538.86
Gardner,01030000,44437932.46,2470.50,17987.18,49709382.83,2681.40,18538.65
Millis,01870000,24933000.24,1180.40,21123.30,27271545.52,1225.20,22257.96
Ipswich,01440000,40045082.00,1613.90,24812.87,42601807.76,1673.80,25451.41
Norfolk County Agricultural,09150000,16151960.85,573.70,28155.66,16151960.85,573.70,28155.66
Gill-Montague,06740000,23704971.20,899.80,26345.85,26964391.73,1127.20,23921.83
Westhampton,03270000,2901443.71,104.90,27647.43,3488117.23,123.80,28177.95
Brockton,00440000,306932564.60,15076.60,20358.22,356258772.30,17184.70,20731.11
Francis W. Parker Charter Essential (District),04780000,6944195.46,366.90,18928.73,6944195.46,366.90,18928.73
Holbrook,01330000,23230946.43,1322.40,17566.67,26880636.72,1422.80,18892.49
Southborough,02760000,29436238.60,1303.80,22578.04,31876356.40,1333.10,23911.69
Kipp Academy Lynn Charter (District),04290000,34246623.48,1613.10,21229.92,34246623.48,1613.10,21229.92
Somerville,02740000,136354106.80,4974.70,27409.51,152133921.90,5355.60,28406.68
Salem,02580000,99204878.31,3841.60,25823.55,115424337.90,4489.00,25712.55
Veritas Preparatory Charter School (District),04980000,13061701.05,598.80,21814.22,13061701.05,598.80,21814.22
South Hadley,02780000,32544367.87,1642.90,19809.43,39389551.05,1949.90,20200.44
Topsfield,02980000,13720268.65,616.70,22248.08,14077453.65,624.70,22534.94
Westwood,03350000,69851141.00,2871.60,24325.19,73053086.45,2904.00,25155.97
Shutesbury,02720000,3017100.00,110.20,27382.54,3267765.33,128.70,25395.82
Lynnfield,01640000,42474881.78,2200.80,19299.75,45814647.78,2238.60,20466.00
Abby Kelley Foster Charter Public (District),04450000,25489056.09,1421.40,17932.99,25489056.09,1421.40,17932.99
Lenox,01520000,18656117.00,779.10,23945.22,19606638.70,814.10,24084.74
Match Charter Public School (District),04690000,37549911.00,1157.60,32438.85,37549911.00,1157.60,32438.85
South Shore Charter Public (District),04880000,19180784.08,1060.20,18091.84,19180784.08,1060.20,18091.84
Chelmsford,00560000,89278159.40,5137.80,17376.80,99650306.34,5345.80,18640.78
Middleton,01840000,16258412.00,725.90,22396.22,16995031.00,735.40,23109.91
Farmington River Reg,06620000,5910803.84,127.60,46333.00,8120076.88,253.50,32033.27
Dudley-Charlton Reg,06580000,57966230.00,3478.10,16665.90,62704492.11,3568.40,17572.38
Ayer Shirley School District,06160000,31930215.21,1703.90,18739.49,36220909.64,1905.00,19013.92
Codman Academy Charter Public (District),04380000,11192024.30,339.90,32927.40,11192024.30,339.90,32927.40
Gloucester,01070000,66215844.29,2921.70,22663.38,74223992.36,3221.60,23039.33
Brookfield,00450000,4784202.78,301.10,15886.74,5583276.19,314.40,17757.13
Hingham,01310000,75344741.06,3679.10,20479.31,81645281.89,3738.80,21837.40
New Salem-Wendell,07280000,3792417.00,137.70,27551.16,3869820.00,147.70,26209.41
Bourne,00360000,37933450.94,1543.90,24569.62,43904791.33,1817.30,24159.93
Clarksburg,00630000,3136041.09,208.00,15078.73,4096021.82,262.40,15609.64
Southeastern Regional Vocational Technical,08720000,39916984.00,1564.80,25508.78,39921984.00,1565.80,25495.68
Plainville,02380000,12873610.43,649.10,19833.69,14019978.01,689.80,20325.98
Boston Renaissance Charter Public (District),04810000,21376286.00,937.80,22794.56,21376286.00,937.80,22794.56
Quincy,02430000,198270671.60,9787.70,20257.11,220394539.50,10093.80,21834.54
Greater Commonwealth Virtual District,39010000,16658908.82,1204.30,13832.40,16658908.82,1204.30,13832.40
Middleborough,01820000,58287141.96,2983.60,19536.17,63586845.50,3169.20,20064.07
Dighton-Rehoboth,06500000,47064873.00,2584.90,18207.74,50237123.62,2683.60,18720.05
Norton,02180000,46609733.64,2395.50,19457.11,52378688.11,2496.80,20978.19
Millbury,01860000,33148289.80,1658.10,19991.20,36539063.61,1746.80,20917.87
Martha's Vineyard,07000000,28301378.00,734.60,38526.83,32040255.00,778.80,41142.71
Medfield,01750000,49988382.10,2486.00,20107.96,52369483.10,2507.30,20886.94
North Middlesex,07350000,55749317.69,2987.30,18662.32,65655757.64,3195.20,20548.10
Wales,03060000,2559006.54,92.90,27542.52,3177527.65,122.10,26017.35
Alma Del Mar Charter School (District),04090000,18612133.52,1038.80,17917.30,18612133.52,1038.80,17917.30
Provincetown,02420000,7413838.02,139.70,53061.27,7977407.00,159.90,49884.08
Monomoy Regional School District,07120000,44299178.00,1731.40,25585.84,47684968.69,1869.20,25510.43
Stoughton,02850000,72769567.00,3807.40,19112.72,81095029.03,4015.80,20194.10
Belchertown,00240000,36985235.11,2067.80,17886.42,40404666.93,2265.00,17838.71
Bridgewater-Raynham,06250000,90799787.39,5630.90,16125.14,98552168.51,5871.90,16783.64
Quaboag Regional,07780000,23544949.82,1116.30,21091.33,26215097.60,1250.20,20968.46
Carlisle,00510000,14744260.00,605.40,24354.13,15164201.00,612.40,24761.47
Abington,00010000,36629465.76,2142.50,17096.69,42261274.01,2287.70,18473.06
Newton,02070000,301725884.40,11764.70,25646.73,316628861.60,11918.00,26567.23
Orleans,02240000,6021523.00,144.00,41825.81,6235225.00,154.00,40478.25
Springfield International Charter (District),04410000,25273676.35,1481.30,17061.71,25273676.35,1481.30,17061.71
Sherborn,02690000,8964068.00,414.50,21624.19,9975794.54,422.50,23609.17
Needham,01990000,131859100.70,5570.50,23670.80,141258053.00,5666.60,24928.34
Holliston,01360000,46206138.40,2740.70,16859.28,54683822.49,2861.40,19110.65
Northboro-Southboro,07300000,28851814.85,1193.40,24175.81,30743960.55,1227.70,25042.75
Petersham,02340000,2621686.00,133.80,19590.81,2772315.00,140.80,19686.63
Attleboro,00160000,109817146.40,6039.30,18183.84,118401168.80,6404.60,18486.93
Learning First Charter Public School (District),04860000,12587364.81,667.80,18849.00,12587364.81,667.80,18849.00
Holland,01350000,3691814.15,227.20,16251.17,4397863.32,234.40,18761.24
Rising Tide Charter Public (District),04830000,11065680.00,617.20,17929.13,11065680.00,617.20,17929.13
Sudbury,02880000,56005026.00,2547.70,21982.87,57646029.00,2578.70,22354.31
Triton,07730000,51640424.00,2113.30,24436.24,57570898.28,2312.30,24897.55
Whittier Regional Vocational Technical,08850000,32198204.00,1275.60,25241.61,32228572.00,1279.60,25186.44
Monson,01910000,18314922.00,807.80,22674.00,20772882.85,910.00,22827.26
Granby,01110000,13090942.79,695.40,18824.75,15325431.51,781.30,19616.19
Lawrence,01490000,313010435.60,13351.50,23443.90,364032614.60,15499.60,23486.62
Christa Mcauliffe Charter School (District),04180000,6699895.00,290.60,23053.01,6699895.00,290.60,23053.01
Leicester,01510000,25072178.09,1297.10,19329.08,30642641.37,1497.30,20464.61
Mendon-Upton,07100000,42141747.00,2073.50,20324.13,46192266.18,2161.00,21375.71
Nashoba Valley Regional Vocational Technical,08520000,18306030.93,760.20,24079.84,18313603.55,761.60,24045.84
Georgetown,01050000,23744864.00,1257.40,18884.35,26341120.22,1311.20,20089.97
Lowell,01600000,322474271.90,14517.80,22212.37,378397226.80,17133.90,22084.74
Everett,00930000,155574402.00,7416.10,20977.83,180693040.80,8302.00,21764.93
Ware,03090000,22296705.47,1095.80,20347.73,25455128.11,1309.70,19436.18
Hampshire,06830000,15349671.41,685.00,22407.01,17839977.19,770.50,23152.36
Edward M. Kennedy Academy For Health Careers: A Horace Mann Charter Public School (District),04520000,13487127.00,367.60,36693.02,13487127.00,367.60,36693.02
Acushnet,00030000,15654209.00,953.70,16414.47,19821813.45,1232.50,16082.52
Rockport,02520000,18695879.04,662.20,28231.56,21813768.75,723.50,30151.82
Stoneham,02840000,48412220.72,2293.20,21111.16,57023777.39,2538.20,22466.02
Advanced Math And Science Academy Charter (District),04300000,15831306.42,965.80,16392.42,15831306.42,965.80,16392.42
Wayland,03150000,62471792.24,2760.00,22634.48,66445067.80,2809.50,23649.81
Boston Collegiate Charter (District),04490000,16528910.89,693.70,23828.20,16528910.89,693.70,23828.20
Whately,03370000,3002949.22,127.30,23592.63,3073657.05,136.30,22551.96
Norwood,02200000,75718206.00,3596.10,21055.94,87948859.39,3764.00,23365.79
East Bridgewater,00830000,35375399.54,2010.80,17592.80,38591739.57,2106.90,18317.20
Lincoln,01570000,32200723.61,1034.20,31135.71,35212044.13,1070.80,32882.98
Old Rochester,07400000,22566902.00,1039.90,21700.10,22889575.00,1063.70,21518.74
Marblehead Community Charter Public (District),04640000,3547512.00,174.00,20386.83,3547512.00,174.00,20386.83
Blackstone Valley Regional Vocational Technical,08050000,31946056.99,1243.50,25689.86,31964956.99,1247.30,25627.16
Springfield Preparatory Charter School (District),35100000,9568931.39,485.10,19724.06,9568931.39,485.10,19724.06
Salem Academy Charter (District),04850000,10049622.86,483.30,20793.33,10049622.86,483.30,20793.33
Wakefield,03050000,67879388.00,3353.60,20240.99,72416871.54,3491.10,20743.16
Truro,03000000,5020021.92,91.30,54980.47,7698463.69,195.10,39451.65
Seekonk,02650000,38476325.80,2059.80,18679.84,42888870.29,2118.50,20244.86
North Reading,02170000,47578748.01,2323.80,20474.69,51712079.31,2378.90,21737.42
Barnstable,00200000,110726896.20,4805.10,23043.70,124892852.20,5474.40,22813.89
Oak Bluffs,02210000,12892017.00,418.40,30814.30,14099716.75,458.20,30770.10
Hancock,01210000,1232507.65,56.40,21835.77,2533237.96,105.50,24001.37
Reading,02460000,72904178.18,3842.40,18973.80,79157531.40,3933.50,20123.77
Pelham,02300000,2915427.00,126.50,23039.77,2950427.00,135.50,21768.12
Marblehead,01680000,54179518.03,2612.00,20742.54,59950402.39,2728.50,21971.61
Bellingham,00250000,41854655.05,2018.60,20734.72,50681157.32,2350.90,21558.48
Norfolk,02080000,19318739.00,1058.10,18258.43,20083810.00,1077.90,18632.25
Berkshire Hills,06180000,35532031.15,1174.40,30255.48,39357790.27,1291.30,30479.20
"Martin Luther King, Jr. Charter School Of Excellence (District)",04920000,7309182.17,357.40,20448.70,7309182.17,357.40,20448.70
Hopedale,01380000,20544144.00,1114.10,18440.49,22235656.88,1160.20,19165.70
Halifax,01180000,9342368.00,548.80,17023.44,12456355.00,614.70,20263.75
Braintree,00400000,103873561.30,5313.50,19549.01,113517385.50,5449.90,20829.08
Watertown,03140000,69656249.91,2735.40,25465.00,78308297.15,2855.00,27428.27
Melrose,01780000,61793510.15,3911.40,15798.29,72275906.41,4257.40,16976.51
Berkley,00270000,13565369.00,845.00,16054.32,13927700.03,861.90,16159.86
Lynn,01630000,361490566.00,16296.30,22182.43,417050707.30,18628.20,22388.18
Norwell,02190000,41991817.39,2150.60,19525.43,46543353.03,2200.20,21154.10
South Middlesex Regional Vocational Technical,08290000,27069622.66,853.10,31732.75,27069622.66,853.10,31732.75
West Boylston,03220000,17739110.54,902.30,19660.61,20937567.27,986.50,21224.36
Revere,02480000,149684383.90,7365.10,20323.58,181218368.70,8175.80,22165.30
Greater Fall River Regional Vocational Technical,08210000,36943601.00,1427.90,25872.48,37006899.86,1440.00,25699.04
Concord,00670000,53510535.18,1987.40,26925.35,55636031.76,2011.60,27657.97
Boston Preparatory Charter Public (District),04160000,18891189.64,695.80,27148.75,18891189.64,695.80,27148.75
Richmond,02490000,4195816.18,157.60,26630.71,5087118.36,210.10,24217.33
Foxborough Regional Charter (District),04460000,25616096.59,1508.30,16982.97,25616096.59,1508.30,16982.97
Plymouth,02390000,155139117.80,7011.00,22127.94,174593621.40,7639.40,22854.45
Westfield,03250000,92558875.62,4821.40,19197.62,104109029.90,5161.50,20170.35
Prospect Hill Academy Charter (District),04870000,22919331.81,911.20,25154.01,22919331.81,911.20,25154.01
Winchendon,03430000,23372617.41,1195.00,19559.40,26627558.28,1359.60,19584.54
Old Sturbridge Academy Charter Public School (District),35150000,6193334.00,349.40,17727.15,6193334.00,349.40,17727.15
Saugus,02620000,46373943.22,2671.80,17356.85,57204356.55,3084.20,18547.35
Worthington,03490000,1774234.76,77.20,22985.62,2734935.77,139.80,19558.07
Swansea,02920000,35317690.38,2036.40,17343.10,37846446.38,2106.50,17966.86
Hampden Charter School Of Science West (District),35160000,7382443.00,392.20,18823.16,7382443.00,392.20,18823.16
Edgartown,00890000,13236778.53,391.10,33847.40,14303227.50,442.60,32315.48
Hanover,01220000,43830395.34,2605.40,16823.16,48662406.75,2692.20,18075.28
Clinton,00640000,36909737.62,1993.80,18512.41,43635355.98,2237.20,19504.26
Sturgis Charter Public (District),04890000,16265942.58,824.70,19722.51,16265942.58,824.70,19722.51
Somerset,02730000,31705824.21,1609.30,19701.56,33566773.53,1663.70,20176.44
Lee,01500000,15540914.00,643.40,24154.78,17045831.08,745.90,22851.92
Hatfield,01270000,8227483.00,332.40,24752.58,9287562.61,412.10,22535.15
Northborough,02130000,33636412.90,1637.30,20543.90,36502808.82,1716.10,21270.27
Rowe,02530000,2055383.48,59.90,34297.68,2729573.92,85.90,31765.09
Plympton,02400000,4330976.55,255.80,16934.05,5236541.55,278.40,18806.79
North Andover,02110000,82145234.02,4533.90,18118.21,89857917.29,4652.80,19312.72
Methuen,01810000,120926931.20,6602.60,18314.99,144742928.50,7092.00,20409.20
Brimfield,00430000,5803580.46,285.00,20363.44,6516165.00,299.40,21767.71
Martha's Vineyard Charter Public School (District),04660000,6128086.53,177.90,34456.49,6128086.53,177.90,34456.49
Baystate Academy Charter Public School (District),35020000,9077463.08,398.20,22793.95,9077463.08,398.20,22793.95
Lowell Community Charter Public (District),04560000,19757017.11,813.50,24287.33,19757017.11,813.50,24287.33
Dracut,00790000,56321075.00,3588.60,15694.54,65257621.69,3960.80,16476.04
Hill View Montessori Charter Public (District),04550000,5298444.56,305.60,17339.54,5298444.56,305.60,17339.54
Narragansett,07200000,24927559.00,1465.60,17008.24,27263951.22,1572.20,17341.35
Blue Hills Regional Vocational Technical,08060000,24296992.03,891.80,27244.72,24296992.03,891.80,27244.72
Wareham,03100000,47203729.51,1960.00,24083.33,55620470.04,2348.00,23687.95
Chelsea,00570000,139364192.80,6184.20,22535.44,178021304.80,7293.80,24407.20
Webster,03160000,38487899.29,1691.00,22760.89,45319973.01,1975.60,22940.33
Nahant,01960000,3413858.00,152.40,22405.54,6202911.00,270.70,22912.46
Pentucket,07450000,43293083.00,2230.30,19411.67,49110801.46,2369.80,20723.55
Franklin,01010000,84383185.95,4672.30,18060.20,99659684.01,5133.50,19413.67
Brooke Charter School (District),04280000,51579496.19,2210.50,23333.96,51579496.19,2210.50,23333.96
Longmeadow,01590000,49174721.91,2776.90,17708.39,53534359.28,2826.50,18939.86
Pioneer Charter School Of Science Ii (District),35060000,9886932.41,565.20,17492.49,9886932.41,565.20,17492.49
Hoosac Valley Regional,06030000,22509926.80,1002.70,22449.81,25173210.59,1239.90,20301.94
New Heights Charter School Of Brockton (District),35130000,15135816.41,731.80,20682.15,15135816.41,731.80,20682.15
Hawlemont,06850000,2755375.13,66.90,41169.38,3140927.05,107.80,29149.53
Wellfleet,03180000,3725843.00,85.00,43850.64,3975999.71,107.40,37015.89
Acton-Boxborough,06000000,107572842.40,5134.30,20951.62,117221796.10,5256.50,22300.21
Framingham,01000000,217541908.50,9208.80,23623.19,250768560.70,9874.00,25396.80
Arlington,00100000,120526337.60,6065.00,19872.40,126628028.00,6162.20,20549.22
Milford,01850000,92973930.52,4431.50,20980.45,105451914.40,4914.40,21457.73
Conway,00680000,3953158.42,146.10,27057.89,4028940.21,154.80,26021.33
Franklin County Regional Vocational Technical,08180000,16079095.59,596.30,26963.27,16094899.21,599.30,26856.91
Conservatory Lab Charter (District),04390000,10894555.95,451.70,24121.68,10894555.95,451.70,24121.68
West Springfield,03320000,75123216.57,4004.20,18760.97,83837999.84,4244.60,19751.82
Central Berkshire,06350000,31347827.00,1585.90,19766.93,35432628.42,1786.60,19832.87
Hilltown Cooperative Charter Public (District),04500000,3705138.69,217.50,17037.47,3705138.69,217.50,17037.47
Woburn,03470000,101588395.60,4479.60,22677.95,113807903.50,4712.90,24148.23
Tisbury,02960000,11186519.00,280.10,39933.63,12593683.66,381.80,32984.36
Somerset Berkley Regional School District,07630000,18347588.76,940.30,19511.56,21196129.20,991.20,21383.88
Holyoke Community Charter (District),04530000,14399816.00,694.90,20721.54,14399816.00,694.90,20721.54
Taunton,02930000,153095246.10,8112.70,18871.02,169407296.80,8647.50,19590.29
Collegiate Charter School Of Lowell (District),35030000,17262190.30,1194.00,14457.32,17262190.30,1194.00,14457.32
Dennis-Yarmouth,06450000,71521788.95,2976.80,24026.58,82082302.82,3477.70,23602.49
Lowell Middlesex Academy Charter (District),04580000,2043689.00,112.00,18252.11,2043689.00,112.00,18252.11
Global Learning Charter Public (District),04960000,9340235.00,499.60,18695.43,9340235.00,499.60,18695.43
Minuteman Regional Vocational Technical,08300000,24805529.00,667.30,37170.81,24973005.00,669.30,37309.96
Mohawk Trail,07170000,21827084.89,804.80,27120.94,25210192.19,950.60,26521.01
Carver,00520000,28957473.90,1504.50,19247.31,33625247.59,1620.50,20749.61
Northampton,02100000,54903536.63,2562.40,21426.65,60727331.26,2846.20,21336.28
Groton-Dunstable,06730000,48715326.38,2324.20,20960.19,53277484.38,2418.20,22031.45
Orange,02230000,11360597.00,520.90,21807.69,12802862.96,593.00,21590.92
"Phoenix Academy Public Charter High School, Springfield (District)",35080000,4537600.68,157.90,28729.90,4537600.68,157.90,28729.90
Shrewsbury,02710000,107596121.00,5927.90,18150.95,116697433.70,6128.90,19040.39
Pioneer Valley Performing Arts Charter Public (District),04790000,7441103.74,404.60,18391.26,7441103.74,404.60,18391.26
Cambridge,00490000,256862782.20,6952.10,36947.63,296380635.10,7558.30,39212.47
Boston Day And Evening Academy Charter (District),04240000,8553315.69,287.70,29729.63,8553315.69,287.70,29729.63
Auburn,00170000,43762369.67,2487.80,17590.48,45098538.21,2536.20,17782.16
Four Rivers Charter Public (District),04130000,4253832.00,213.00,19975.73,4253832.00,213.00,19975.73
Sutton,02900000,24498389.75,1309.20,18712.41,27190444.12,1381.60,19680.81
Upper Cape Cod Regional Vocational Technical,08790000,22122204.00,814.60,27156.58,22173280.57,823.70,26918.90
Foxborough,00990000,52992039.12,2512.20,21094.30,58602548.75,2654.50,22076.74
Billerica,00310000,97393135.71,4932.80,19744.01,109268710.60,5159.70,21177.39
Rockland,02510000,45236282.53,2138.60,21152.56,51583097.81,2300.60,22421.14
Pioneer Valley,07500000,15965345.00,580.70,27491.43,17302912.10,664.50,26037.17
Sunderland,02890000,5348008.26,191.30,27950.45,5498791.93,208.90,26317.70
Easton,00880000,59101700.49,3390.80,17430.16,63770117.79,3482.50,18311.40
Duxbury,00820000,55110417.30,2739.80,20114.92,58606888.76,2786.20,21034.41
Sharon,02660000,73300915.13,3568.50,20541.26,80118141.94,3648.60,21958.86
Neighborhood House Charter (District),04440000,20817754.00,836.60,24885.25,20817754.00,836.60,24885.25
Boston Green Academy Horace Mann Charter School (District),04110000,10287833.47,441.70,23293.33,10287833.47,441.70,23293.33
Tri-County Regional Vocational Technical,08780000,24343195.00,955.80,25468.48,24345255.45,956.10,25462.91
Avon,00180000,15005320.00,737.40,20350.34,16139567.00,771.40,20921.17
Oxford,02260000,27028046.44,1487.00,18176.22,31140684.26,1631.60,19086.08
