DISTRICT_NAME,DISTRICT_CODE,SALARY_TOTALS,AVERAGE_SALARY,FTE_COUNT
Marion,01690000,3296803.00,100512.00,32.8
Lawrence Family Development Charter (District),04540000,4045306.00,63208.00,65.0
North Andover,02110000,31786143.00,94771.00,335.4
Lincoln,01570000,11475622.00,97169.00,118.1
Bedford,00230000,23857888.00,104686.00,227.9
Northampton,02100000,19192742.00,80036.00,239.8
Plainville,02380000,4730268.00,91850.00,51.5
Lincoln-Sudbury,06950000,15008028.00,116612.00,128.7
Auburn,00170000,16071554.00,86267.00,186.3
Blackstone Valley Regional Vocational Technical,08050000,10264587.00,95131.00,107.9
North Adams,02090000,9584979.00,76435.00,125.4
Walpole,03070000,27938881.00,91393.00,305.7
Ipswich,01440000,15756938.00,97085.00,162.3
Watertown,03140000,26633054.00,100692.00,264.5
Greenfield,01140000,9552399.00,73650.00,129.7
Innovation Academy Charter (District),04350000,4886565.00,68753.00,70.9
Haverhill,01280000,57438522.00,85921.00,668.5
Newton,02070000,110872817.00,104716.00,1058.8
Advanced Math and Science Academy Charter (District),04300000,6099473.00,75441.00,85.1
Brookline,00460000,71183253.00,122329.00,581.9
Westhampton,03270000,1141665.00,67157.00,17.0
Sizer School: A North Central Charter Essential (District),04740000,2058335.00,62022.00,31.1
Wellesley,03170000,43047451.00,109899.00,391.7
Upper Cape Cod Regional Vocational Technical,08790000,7486834.00,86254.00,86.8
Pioneer Charter School of Science II (District),35060000,4061852.00,79925.00,49.0
Masconomet,07050000,14577270.00,111192.00,131.1
Franklin,01010000,35291269.00,92192.00,382.8
Granby,01110000,4105060.00,70777.00,58.0
Sudbury,02880000,23115163.00,102734.00,225.0
Plympton,02400000,1809134.00,96745.00,18.7
Whately,03370000,933384.00,59451.00,15.7
Community Day Charter Public School (District),04400000,8543485.00,65703.00,135.5
Danvers,00710000,26523813.00,97514.00,272.0
Clinton,00640000,14242929.00,87059.00,163.6
Somerville,02740000,46160440.00,104743.00,440.7
Andover,00090000,50389369.00,107624.00,468.2
Lynn,01630000,131394358.00,100141.00,1312.1
Shrewsbury,02710000,41651458.00,95247.00,437.3
Clarksburg,00630000,1267983.00,76847.00,16.5
Oxford,02260000,9950581.00,80053.00,124.3
Greater New Bedford Regional Vocational Technical,08250000,18060988.00,91867.00,196.6
Boston,00350000,583709620.00,133127.00,4384.6
Westport,03310000,10335657.00,83017.00,124.5
Framingham,01000000,80559977.00,101833.00,791.1
Veritas Preparatory Charter School (District),04980000,4160111.00,73138.00,64.4
Westfield,03250000,34357523.00,82215.00,417.9
City on a Hill Charter Public School (District),04370000,1386616.00,60782.00,20.5
Avon,00180000,6396411.00,84497.00,75.7
Boston Collegiate Charter (District),04490000,6283496.00,85520.00,81.8
Tewksbury,02950000,23703455.00,93284.00,254.1
Groton-Dunstable,06730000,16847953.00,91218.00,184.7
Nashoba Valley Regional Vocational Technical,08520000,6820325.00,101192.00,67.4
Dudley Street Neighborhood Charter School (District),04070000,2231915.00,117469.00,19.0
Acton-Boxborough,06000000,39734669.00,100138.00,396.8
Belchertown,00240000,14050637.00,82993.00,169.3
Sturbridge,02870000,6783207.00,94211.00,72.0
Williamsburg,03400000,1285297.00,76506.00,16.8
Northborough,02130000,13739511.00,102381.00,134.2
Fitchburg,00970000,37922010.00,84723.00,447.6
Mount Greylock,07150000,9281301.00,83842.00,110.7
Truro,03000000,1332680.00,82775.00,16.1
Chesterfield-Goshen,06320000,1262151.00,85280.00,14.8
Palmer,02270000,8236370.00,80277.00,102.6
Assabet Valley Regional Vocational Technical,08010000,11523431.00,101260.00,113.8
Franklin County Regional Vocational Technical,08180000,4910659.00,90340.00,57.6
Sutton,02900000,8930592.00,91128.00,98.0
Dracut,00790000,20740093.00,84757.00,244.7
Deerfield,00740000,2472569.00,74475.00,33.2
Pentucket,07450000,15450261.00,83787.00,184.4
Chicopee,00610000,55926123.00,90848.00,615.6
Florida,00980000,733080.00,44429.00,16.5
Tantasqua,07700000,12501542.00,83678.00,149.4
Marshfield,01710000,29233798.00,89674.00,326.0
Stoneham,02840000,17160952.00,81293.00,211.1
Boston Renaissance Charter Public (District),04810000,7073072.00,88025.00,83.3
Up-Island Regional,07740000,5553424.00,104782.00,53.0
Montachusett Regional Vocational Technical,08320000,11732457.00,98675.00,118.9
Acushnet,00030000,5808493.00,77654.00,74.8
Mansfield,01670000,29311770.00,98793.00,296.7
Mohawk Trail,07170000,5944685.00,86280.00,68.9
Brimfield,00430000,2634034.00,93547.00,27.6
Westwood,03350000,26946312.00,113220.00,238.0
Provincetown,02420000,3111299.00,164619.00,18.9
Springfield International Charter (District),04410000,7439803.00,86657.00,79.1
Braintree,00400000,42505676.00,102103.00,416.3
Hancock,01210000,463812.00,59463.00,7.8
Woburn,03470000,38045640.00,99232.00,383.4
Dover,00780000,4513455.00,101426.00,44.5
West Boylston,03220000,7122331.00,89252.00,79.8
Whitman-Hanson,07800000,25818797.00,101369.00,254.7
Amherst-Pelham,06050000,10004894.00,92296.00,108.4
Newburyport,02040000,19790222.00,92090.00,214.9
Blackstone-Millville,06220000,10669864.00,94928.00,112.4
Silver Lake,07600000,13239880.00,103356.00,128.1
Sherborn,02690000,3599347.00,104937.00,34.3
Dover-Sherborn,06550000,12086067.00,117000.00,103.3
"Phoenix Academy Public Charter High School, Lawrence (District)",35180000,1197596.00,99750.00,12.4
Swansea,02920000,13664283.00,90913.00,150.3
Middleton,01840000,6257369.00,90294.00,69.3
Martha's Vineyard Charter Public School (District),04660000,2001768.00,100682.00,21.8
Lowell Community Charter Public (District),04560000,6046028.00,86372.00,68.6
Benjamin Banneker Charter Public (District),04200000,1605673.00,76461.00,21.0
Sharon,02660000,28044261.00,102426.00,273.8
Revere,02480000,60450028.00,93765.00,644.7
Map Academy Charter School (District),35170000,1765154.00,68040.00,25.1
Gateway,06720000,5875625.00,73629.00,79.8
Pelham,02300000,901847.00,70457.00,12.8
Tisbury,02960000,4355084.00,109424.00,39.8
Hanover,01220000,20465754.00,104046.00,196.7
Malden,01650000,49513196.00,106848.00,463.4
Northeast Metropolitan Regional Vocational Technical,08530000,13032243.00,108331.00,120.3
Billerica,00310000,38942127.00,108203.00,359.9
Hampden Charter School of Science East (District),04990000,3733229.00,86120.00,47.0
Needham,01990000,45784959.00,101790.00,449.8
Hilltown Cooperative Charter Public (District),04500000,1432893.00,67877.00,21.3
Sturgis Charter Public (District),04890000,7598034.00,86960.00,88.1
Community Charter School of Cambridge (District),04360000,3195715.00,113259.00,30.6
Greater Fall River Regional Vocational Technical,08210000,14116765.00,98650.00,143.1
Libertas Academy Charter School (District),35140000,3413255.00,65637.00,53.1
Westford,03260000,33341992.00,90677.00,367.7
Southwick-Tolland-Granville Regional School District,07660000,9519730.00,79998.00,119.0
Springfield Preparatory Charter School (District),35100000,3515007.00,84723.00,42.3
Amesbury,00070000,15035285.00,88756.00,169.4
Quabbin,07530000,12548125.00,83990.00,149.4
Cambridge,00490000,82350688.00,107958.00,762.8
Pembroke,02310000,18029966.00,96469.00,186.9
Monson,01910000,6112078.00,69455.00,88.0
Barnstable,00200000,41047381.00,96107.00,427.1
Southampton,02750000,3440710.00,94266.00,36.5
North Reading,02170000,19699425.00,94846.00,207.7
Bridgewater-Raynham,06250000,34944121.00,100270.00,348.5
Hoosac Valley Regional,06030000,6606876.00,71349.00,92.6
Erving,00910000,1214746.00,62616.00,19.4
Norwell,02190000,16976069.00,100868.00,168.3
East Bridgewater,00830000,13262916.00,79466.00,166.9
Lowell,01600000,107909355.00,93138.00,1158.6
Uxbridge,03040000,12221530.00,90262.00,135.4
Stoughton,02850000,30932060.00,96092.00,321.9
Natick,01980000,46071273.00,100680.00,457.6
River Valley Charter (District),04820000,2351707.00,87750.00,25.2
Bristol County Agricultural,09100000,3908732.00,84240.00,46.4
Quaboag Regional,07780000,7717447.00,87499.00,88.2
Nahant,01960000,935748.00,85848.00,10.9
North Middlesex,07350000,19904515.00,83109.00,239.5
Boston Green Academy Horace Mann Charter School (District),04110000,5145357.00,119966.00,42.7
Lexington,01550000,69774605.00,107428.00,649.5
Nantucket,01970000,16381256.00,102575.00,159.7
Petersham,02340000,875941.00,76837.00,11.4
Agawam,00050000,28679589.00,103238.00,277.8
Foxborough Regional Charter (District),04460000,7673004.00,65000.00,117.0
Fall River,00950000,71454104.00,82549.00,865.6
Sunderland,02890000,1720474.00,71986.00,23.9
Essex North Shore Agricultural and Technical School District,08170000,14886938.00,97747.00,152.3
Oak Bluffs,02210000,5340266.00,101141.00,52.8
Nauset,06600000,12793308.00,101454.00,126.1
Berkley,00270000,5809502.00,85059.00,68.3
Codman Academy Charter Public (District),04380000,3664516.00,79754.00,46.2
Argosy Collegiate Charter School (District),35090000,4507633.00,91785.00,47.0
Collegiate Charter School of Lowell (District),35030000,4529802.00,60616.00,81.2
Seekonk,02650000,16173090.00,91219.00,177.3
Grafton,01100000,19565844.00,81934.00,238.8
Mendon-Upton,07100000,14701401.00,91256.00,161.1
Rowe,02530000,668880.00,73503.00,9.1
Boston Day and Evening Academy Charter (District),04240000,4155045.00,163894.00,26.2
Hingham,01310000,32935922.00,107109.00,307.5
KIPP Academy Boston Charter School (District),04630000,4850900.00,96886.00,54.5
Dennis-Yarmouth,06450000,28706195.00,110664.00,259.4
Belmont,00260000,32895557.00,111738.00,294.4
Academy Of the Pacific Rim Charter Public (District),04120000,4585654.00,87517.00,54.6
Waltham,03080000,53812563.00,97434.00,552.3
Greater Commonwealth Virtual District,39010000,6081732.00,81090.00,75.5
Athol-Royalston,06150000,9548255.00,76325.00,125.1
Gardner,01030000,15417611.00,104103.00,148.1
Boxford,00380000,6271011.00,89077.00,70.4
Falmouth,00960000,26497669.00,92617.00,286.1
Pioneer Valley Chinese Immersion Charter (District),04970000,4941356.00,74657.00,65.1
Dedham,00730000,25907062.00,105228.00,246.2
Cape Cod Lighthouse Charter (District),04320000,1828765.00,81329.00,22.5
Weymouth,03360000,43547647.00,94979.00,458.5
Match Charter Public School (District),04690000,9952693.00,84266.00,121.6
Brewster,00410000,4254688.00,91701.00,47.0
Cape Cod Regional Vocational Technical,08150000,6087595.00,94528.00,64.4
Bellingham,00250000,15241357.00,98522.00,154.7
Douglas,00770000,7816806.00,80255.00,97.4
Norfolk,02080000,8354973.00,96255.00,86.8
Abby Kelley Foster Charter Public (District),04450000,10393591.00,83441.00,125.9
"Phoenix Academy Public Charter High School, Springfield (District)",35080000,955684.00,71384.00,15.1
UP Academy Charter School of Dorchester (District),35050000,7125583.00,128389.00,55.5
Hampden Charter School of Science West (District),35160000,2687470.00,71466.00,35.6
Holland,01350000,1694174.00,80675.00,21.0
New Bedford,02010000,91187960.00,88190.00,1034.0
New Heights Charter School of Brockton (District),35130000,4855699.00,104260.00,44.1
Tyngsborough,03010000,11515772.00,90962.00,126.6
Benjamin Franklin Classical Charter Public (District),04470000,6144313.00,111133.00,54.5
Dartmouth,00720000,25734530.00,93106.00,276.4
Canton,00500000,27703558.00,106307.00,260.6
Hatfield,01270000,3451994.00,87392.00,39.5
Peabody,02290000,44530723.00,92811.00,479.8
Richmond,02490000,1921092.00,99025.00,19.4
"Phoenix Academy Charter Public High School, Chelsea (District)",04930000,992280.00,58028.00,18.2
Northboro-Southboro,07300000,11101344.00,102790.00,108.0
Leverett,01540000,907725.00,58563.00,15.5
Salem Academy Charter (District),04850000,3804523.00,92376.00,39.7
Medford,01760000,39545304.00,98518.00,401.4
Warwick,03120000,266800.00,51308.00,5.2
South Shore Regional Vocational Technical,08730000,7004862.00,108940.00,64.3
Pathfinder Regional Vocational Technical,08600000,5818285.00,80142.00,72.6
Francis W. Parker Charter Essential (District),04780000,2791527.00,68472.00,41.3
Lowell Middlesex Academy Charter (District),04580000,848073.00,113091.00,6.9
Wilmington,03420000,25167924.00,95988.00,262.2
Pioneer Charter School of Science (District),04940000,6016494.00,82927.00,71.2
Brockton,00440000,101057285.00,105757.00,963.1
Baystate Academy Charter Public School (District),35020000,2698299.00,46147.00,58.0
Hampshire,06830000,5472654.00,78970.00,69.3
Excel Academy Charter (District),04100000,10552689.00,81966.00,130.1
Berkshire Hills,06180000,10675206.00,90621.00,117.8
Worthington,03490000,471379.00,51237.00,9.2
West Springfield,03320000,28502881.00,83026.00,343.3
Ashburnham-Westminster,06100000,13341535.00,80274.00,166.2
Triton,07730000,20811130.00,98538.00,211.2
Hudson,01410000,21526059.00,92228.00,233.4
Gill-Montague,06740000,6753800.00,72002.00,93.8
Freetown-Lakeville,06650000,18072051.00,84056.00,215.0
Central Berkshire,06350000,10390375.00,86371.00,120.3
Duxbury,00820000,22434544.00,96993.00,231.3
Edgartown,00890000,5037733.00,109042.00,46.2
Four Rivers Charter Public (District),04130000,1496174.00,101236.00,17.7
Greater Lowell Regional Vocational Technical,08280000,22166732.00,104314.00,212.5
Dudley-Charlton Reg,06580000,22569593.00,86012.00,262.4
Leicester,01510000,8344828.00,76840.00,108.6
Eastham,00850000,1933908.00,106846.00,18.1
Arlington,00100000,46911926.00,95661.00,490.4
Concord-Carlisle,06400000,13247918.00,126051.00,105.1
Maynard,01740000,10304411.00,88985.00,115.8
Fairhaven,00940000,11264726.00,82224.00,137.0
Monomoy Regional School District,07120000,15181674.00,88886.00,170.8
Wrentham,03500000,7192358.00,90215.00,80.0
Norfolk County Agricultural,09150000,5343345.00,91810.00,58.2
Cohasset,00650000,12916869.00,97046.00,133.1
Millis,01870000,10353881.00,100915.00,102.6
Taunton,02930000,54009360.00,97034.00,556.6
Wayland,03150000,27842977.00,115723.00,240.6
Wakefield,03050000,27240233.00,94881.00,287.1
Carlisle,00510000,7429824.00,123419.00,60.2
Old Sturbridge Academy Charter Public School (District),35150000,1853837.00,66197.00,26.3
Berkshire Arts and Technology Charter Public (District),04140000,2468990.00,64550.00,35.3
Blue Hills Regional Vocational Technical,08060000,8709279.00,106601.00,81.7
Hull,01420000,7990045.00,101140.00,79.0
Easthampton,00860000,8849917.00,75127.00,117.8
Northern Berkshire Regional Vocational Technical,08510000,5286891.00,109233.00,48.4
Bristol-Plymouth Regional Vocational Technical,08100000,11399136.00,109818.00,103.8
Helen Y. Davis Leadership Academy Charter Public (District),04190000,1147041.00,106208.00,13.3
Frontier,06700000,4041181.00,78317.00,51.6
Millbury,01860000,12119958.00,92660.00,130.8
Dighton-Rehoboth,06500000,19048403.00,91054.00,209.2
Leominster,01530000,39024054.00,88631.00,440.3
Martha's Vineyard,07000000,10769407.00,135635.00,79.4
Hampden-Wilbraham,06800000,18607416.00,91843.00,202.6
Shutesbury,02720000,1118209.00,63176.00,17.7
Winchester,03440000,35387846.00,103352.00,342.4
Littleton,01580000,11148018.00,90487.00,123.2
Webster,03160000,12749359.00,89344.00,142.7
Milford,01850000,41674638.00,105452.00,395.2
Lynnfield,01640000,16561631.00,103446.00,160.1
West Bridgewater,03230000,8608470.00,83254.00,103.4
North Attleborough,02120000,28823729.00,95538.00,301.7
Rockport,02520000,7507680.00,91446.00,82.1
Longmeadow,01590000,20554822.00,84103.00,244.4
Northbridge,02140000,13166645.00,88664.00,148.5
Northampton-Smith Vocational Agricultural,04060000,5077778.00,79340.00,64.0
South Shore Charter Public (District),04880000,8024452.00,85070.00,46.4
Alma del Mar Charter School (District),04090000,5249607.00,58329.00,85.4
Harvard,01250000,8104795.00,91787.00,88.3
Orange,02230000,3559440.00,84749.00,42.0
Ware,03090000,6921289.00,77593.00,89.2
Atlantis Charter (District),04910000,6480079.00,60203.00,100.8
Reading,02460000,28709271.00,96405.00,297.8
TEC Connections Academy Commonwealth Virtual School District,39020000,10329982.00,135921.00,125.5
Brooke Charter School (District),04280000,19154431.00,105564.00,181.2
Winchendon,03430000,7593599.00,83722.00,90.7
Mashpee,01720000,11780798.00,87851.00,134.1
Salem,02580000,34497395.00,96388.00,357.9
Methuen,01810000,46635301.00,86154.00,541.3
Pioneer Valley,07500000,4394007.00,75628.00,58.1
South Middlesex Regional Vocational Technical,08290000,8495475.00,93050.00,91.3
Edward M. Kennedy Academy for Health Careers: A Horace Mann Charter Public School (District),04520000,4449296.00,118493.00,35.6
Sandwich,02610000,16953166.00,87840.00,193.0
Medfield,01750000,22625967.00,108310.00,208.9
Mattapoisett,01730000,3913981.00,106358.00,36.8
Ashland,00140000,20917446.00,94563.00,221.2
Worcester,03480000,207413094.00,101529.00,2042.9
Spencer-E Brookfield,07670000,8514431.00,72463.00,117.5
Medway,01770000,14517869.00,90793.00,159.9
Savoy,02630000,404028.00,56905.00,7.1
Rochester,02500000,3528392.00,85433.00,41.3
UP Academy Charter School of Boston (District),04800000,4241758.00,132555.00,32.0
Melrose,01780000,24307999.00,85682.00,283.7
Abington,00010000,14030507.00,88409.00,158.7
Westborough,03210000,31495422.00,94609.00,332.9
Weston,03300000,22150604.00,127449.00,173.8
Easton,00880000,25331001.00,95625.00,264.9
Winthrop,03460000,12996770.00,82467.00,157.6
Hadley,01170000,4112115.00,74766.00,55.0
Roxbury Preparatory Charter (District),04840000,8179301.00,147596.00,48.2
Rockland,02510000,16372914.00,93399.00,175.3
Milton,01890000,34215846.00,100399.00,340.8
Saugus,02620000,16258884.00,89778.00,181.1
Bourne,00360000,13811016.00,94661.00,145.9
Minuteman Regional Vocational Technical,08300000,9190006.00,111529.00,82.4
Shawsheen Valley Regional Vocational Technical,08710000,14944942.00,113305.00,131.9
Neighborhood House Charter (District),04440000,6170400.00,82233.00,77.1
Tri-County Regional Vocational Technical,08780000,9387938.00,109289.00,85.9
Manchester Essex Regional,06980000,12342703.00,98900.00,124.8
Marblehead Community Charter Public (District),04640000,1311141.00,72845.00,18.0
Ludlow,01610000,16384497.00,84196.00,194.6
Pioneer Valley Performing Arts Charter Public (District),04790000,2519916.00,60151.00,43.3
Lunenburg,01620000,11273905.00,98894.00,114.0
Mystic Valley Regional Charter (District),04700000,8131031.00,81359.00,98.4
Bridge Boston Charter School (District),04170000,3461679.00,104899.00,34.0
Greater Lawrence Regional Vocational Technical,08230000,17216013.00,104339.00,165.0
Conway,00680000,1202035.00,71978.00,16.7
Beverly,00300000,33287108.00,87991.00,378.3
Learning First Charter Public School (District),04860000,3649272.00,112296.00,35.0
Gloucester,01070000,23151166.00,86417.00,267.9
Pittsfield,02360000,38071003.00,74111.00,513.7
Ayer Shirley School District,06160000,12007028.00,85887.00,139.8
Southern Berkshire,07650000,4745271.00,62030.00,76.5
Narragansett,07200000,7448926.00,75777.00,98.3
Lee,01500000,5948983.00,82282.00,72.3
Middleborough,01820000,22110568.00,103514.00,213.6
Amherst,00080000,9768018.00,87842.00,111.2
Southbridge,02770000,12962180.00,75714.00,171.2
Hill View Montessori Charter Public (District),04550000,1913259.00,83185.00,22.7
Old Rochester,07400000,8612151.00,96118.00,89.6
KIPP Academy Lynn Charter (District),04290000,10688100.00,93799.00,116.4
Burlington,00480000,34897434.00,106851.00,326.6
Hopkinton,01390000,31937006.00,109298.00,292.2
Nashoba,07250000,23745657.00,96175.00,246.9
Wareham,03100000,16041240.00,90119.00,178.0
New Salem-Wendell,07280000,981326.00,65422.00,15.0
Concord,00670000,21193195.00,114372.00,185.3
Carver,00520000,10866092.00,85830.00,126.6
Norton,02180000,18803585.00,98966.00,190.0
Everett,00930000,65017436.00,112487.00,578.0
Holyoke,01370000,32811609.00,78553.00,417.7
Prospect Hill Academy Charter (District),04870000,7513948.00,85572.00,98.2
Hamilton-Wenham,06750000,13868309.00,93642.00,148.1
South Hadley,02780000,11943486.00,78627.00,151.9
Holbrook,01330000,8385173.00,82613.00,101.5
Chelsea,00570000,43935566.00,89573.00,490.5
Conservatory Lab Charter (District),04390000,4077410.00,143067.00,30.2
Foxborough,00990000,20626169.00,96519.00,213.7
Ralph C Mahar,07550000,4530419.00,77048.00,58.8
Holliston,01360000,20062878.00,94950.00,211.3
Halifax,01180000,3940116.00,99498.00,39.6
Quincy,02430000,72023002.00,94955.00,758.5
Hawlemont,06850000,877796.00,97533.00,9.0
King Philip,06900000,12962682.00,91869.00,141.1
North Brookfield,02150000,2855243.00,72468.00,39.4
Holyoke Community Charter (District),04530000,3759590.00,113583.00,35.0
Topsfield,02980000,5607135.00,102507.00,54.7
Southeastern Regional Vocational Technical,08720000,13266845.00,102844.00,129.0
Farmington River Reg,06620000,1059067.00,74582.00,14.2
Marlborough,01700000,35783645.00,87213.00,410.3
Georgetown,01050000,8913068.00,126247.00,70.6
Orleans,02240000,2296581.00,107821.00,21.3
Plymouth,02390000,53665127.00,85129.00,630.4
Scituate,02640000,25492203.00,107926.00,236.2
Global Learning Charter Public (District),04960000,2834444.00,68725.00,43.4
Rising Tide Charter Public (District),04830000,3723221.00,66593.00,58.1
Chelmsford,00560000,34325324.00,90640.00,378.7
Randolph,02440000,23608505.00,97920.00,241.1
East Longmeadow,00870000,17194359.00,85672.00,200.7
Wales,03060000,703896.00,65176.00,10.8
Somerset Berkley Regional School District,07630000,7135577.00,91835.00,77.7
"Martin Luther King, Jr. Charter School of Excellence (District)",04920000,2237318.00,64530.00,31.0
Berlin-Boylston,06200000,7837913.00,85102.00,92.1
Springfield,02810000,183909650.00,84692.00,2171.5
Wachusett,07750000,43925799.00,93919.00,467.7
Southern Worcester County Regional Vocational School District,08760000,11058544.00,96161.00,115.0
Marblehead,01680000,22293150.00,90696.00,245.8
Christa McAuliffe Charter School (District),04180000,2958974.00,99391.00,32.3
Old Colony Regional Vocational Technical,08550000,5271013.00,85016.00,62.0
Wellfleet,03180000,1041655.00,82671.00,12.6
Swampscott,02910000,17205995.00,91473.00,188.1
Hopedale,01380000,7353889.00,75040.00,98.0
Southborough,02760000,11024361.00,100404.00,109.8
Brookfield,00450000,1820278.00,70168.00,26.0
Whittier Regional Vocational Technical,08850000,12172602.00,98008.00,124.2
Kingston,01450000,5949846.00,74935.00,79.4
Attleboro,00160000,38934827.00,95946.00,405.8
Lawrence,01490000,97151679.00,84516.00,1149.5
Somerset,02730000,12450618.00,94038.00,132.4
Boston Preparatory Charter Public (District),04160000,5098588.00,85336.00,64.0
Lenox,01520000,6934381.00,84669.00,81.9
Norwood,02200000,30559111.00,92324.00,331.0
State Totals,00000000,7065457313.00,91014.00,77630.3
