column,r,p,n
ATTENDANCE_RATE,0.8752200221674014,1.417997061755499e-97,305
ELA_AVERAGE_SCALED_SCORE,0.6199352728687659,4.1821567942928507e-29,261
ELA_M_PERCENTAGE,0.6182572970562631,6.486714687314467e-29,261
MATH_M_PERCENTAGE,0.6165762398041756,1.0042737251653847e-28,261
MATH_AVERAGE_SCALED_SCORE,0.6116448607155776,3.5659402794501486e-28,261
SCI_AVERAGE_SCALED_SCORE,0.5974899113196079,1.2006646834147409e-26,261
ELA_M_E_PERCENTAGE,0.5974615434040604,1.2089457051867445e-26,261
MATH_M_E_PERCENTAGE,0.5930739254541876,3.4718412446563765e-26,261
SCI_M_PERCENTAGE,0.5839319696676246,2.971751789930057e-25,261
SCI_M_E_PERCENTAGE,0.5751877378543109,2.1767626758125497e-24,261
ELA_E_PERCENTAGE,0.4779321669133909,2.666550779572472e-16,261
MATH_E_PERCENTAGE,0.46289798790306813,2.891043749660722e-15,261
SCI_E_PERCENTAGE,0.44892896160272,2.3895352056061964e-14,261
SCI_PARTICIPATION_RATE_PERCENTAGE,0.40625407722044315,8.58163622912119e-12,261
MATH_PARTICIPATION_RATE_PERCENTAGE,0.33335394942894936,3.4231026328745185e-08,261
ELA_PARTICIPATION_RATE_PERCENTAGE,0.2855971433539659,2.7339029418378216e-06,261
ELA_SGP,0.24870456723039283,4.851336400290427e-05,261
MATH_SGP,0.20213284535890397,0.0010240157583849066,261
ART_PARTICIPATION_RATE,0.14844800059609956,0.009542165696822338,304
AVERAGE_SALARY,0.029430938004704824,0.6092511362453649,304
AVERAGE_NUMBER_OF_ABSENCES,0.02259947146660339,0.6947168125159755,304
SCI_E_NUMBER,0.000875423182444825,0.9887701351763586,261
MATH_E_NUMBER,-0.000918920923042861,0.9882121887353673,261
ELA_E_NUMBER,-0.0035836734896948115,0.9540526653818794,261
ART_NINTH_GRADE,-0.007854835312313423,0.8918698926155798,302
FTE_COUNT,-0.01039043671629648,0.8568212870821819,304
ART_ELEVENTH_GRADE,-0.01039786370317533,0.8567200456628514,304
SALARY_TOTALS,-0.01092419824456308,0.8495513542251865,304
TOTAL_IN_DISTRICT_FTES,-0.01098593835391548,0.8487112508258263,304
TOTAL_STUDENTS,-0.011256272790400805,0.8447812947289693,305
ART_ALL_GRADES,-0.011533610387922416,0.8412666168427526,304
SCI_M_E_NUMBER,-0.01193526827067459,0.8478193735508623,261
TOTAL_NUMBER_OF_STAFF,-0.011939736101183734,0.8357551214150892,304
MATH_M_E_NUMBER,-0.012530060363280587,0.8403345271629005,261
TOTAL_PUPIL_FTES,-0.01256470665222178,0.8272894468588763,304
IN_DISTRICT_EXPENDITURES,-0.012592232827586817,0.8269170362046692,304
ART_TWELVETH_GRADE,-0.01300447601423158,0.8216358707884923,303
TOTAL_EXPENDITURES,-0.013689132572107162,0.8121090892438622,304
ELA_M_E_NUMBER,-0.014448447650115291,0.8162944880300004,261
SCI_M_NUMBER,-0.01484210091877183,0.811381870424041,261
MATH_M_NUMBER,-0.015304243129185708,0.8056239632498166,261
ART_TENTH_GRADE,-0.01631560917312261,0.7783778238027709,300
ELA_M_NUMBER,-0.016749838901114877,0.7876819239807672,261
ELA_TOTAL_STUDENTS_INCLUDED_IN_SGP,-0.0304369466959752,0.6245039312503851,261
MATH_TOTAL_STUDENTS_INCLUDED_IN_SGP,-0.030544724768701542,0.6232770744921662,261
ART_SIXTH_GRADE,-0.03136889957676924,0.625117685613965,245
ATTENDANCE_RATE_PERCENTAGE,-0.0324127025952341,0.5734658202400534,304
SCI_TOTAL_STUDENTS_INCLUDED,-0.03265704088322111,0.5994452802992847,261
ART_SEVENTH_GRADE,-0.03314604369469935,0.5947018395912985,260
MATH_TOTAL_STUDENTS_INCLUDED,-0.033256872177747976,0.5927533640836461,261
ELA_TOTAL_STUDENTS_INCLUDED,-0.03326773825434533,0.5926324531161277,261
ART_EIGHTH_GRADE,-0.03358570686235386,0.5898206343377868,260
ART_FIFTH_GRADE,-0.03420044239285531,0.603487786927787,233
ART_FOURTH_GRADE,-0.03428261292133338,0.6073783913383776,227
ART_THIRD_GRADE,-0.03490133228569154,0.600906034300881,227
ART_SECOND_GRADE,-0.03580604539820208,0.591498078542387,227
ART_KINDERGARTEN,-0.036340095781263876,0.5859763272767281,227
ART_FIRST_GRADE,-0.036516774209399555,0.5841548254489767,227
ELA_P_M_NUMBER,-0.038666569854591055,0.5339998539364146,261
SCI_P_M_NUMBER,-0.03946825879576982,0.5255483532288981,261
MATH_P_M_NUMBER,-0.03973120735815589,0.5227912070946403,261
ELA_N_M_NUMBER,-0.06198462204317212,0.3184999363622703,261
SCI_N_M_NUMBER,-0.06294819802013805,0.31102048886692313,261
MATH_N_M_NUMBER,-0.06393979554553081,0.3034447913396608,261
UNEXCUSED_OVER_9_DAYS,-0.0711073708971845,0.21560270621359723,305
PERCENTAGE_PERMANENTLY_EXCLUDED,-0.08441928354310058,0.14132019266517953,305
TOTAL_EXPENDITURES_PER_PUPIL,-0.10681069676519658,0.06289116213982109,304
PERCENTAGE_NON_GRADUATE_COMPLETORS,-0.14191354396557154,0.013108606555936582,305
IN_DISTRICT_EXPENDITURES_PER_PUPIL,-0.14319959951278322,0.012441127763971984,304
SCI_P_M_PERCENTAGE,-0.365622526865886,1.1246189994612561e-09,261
MATH_P_M_PERCENTAGE,-0.3785433577448031,2.5642834272661137e-10,261
ELA_P_M_PERCENTAGE,-0.3903123016899575,6.296639265789168e-11,261
PERCENTAGE_HS_EQUIVALENT,-0.45547432790994435,5.00134774428988e-17,305
SCI_N_M_PERCENTAGE,-0.6269230205475002,6.532061776449306e-30,261
MATH_N_M_PERCENTAGE,-0.6573343466624955,1.1331196157908846e-33,261
ELA_N_M_PERCENTAGE,-0.6582694067434195,8.544988936069117e-34,261
ABSENT_10_OR_MORE_DAYS,-0.7035966769034601,7.152350170328091e-47,305
AVERAGE_NUMBER_ABSENCES,-0.8619636536702451,2.1603565812542937e-91,305
ABSENT_10_PERCENT_OR_MORE,-0.8755310176095813,9.959622529534911e-98,305
PERCENTAGE_STILL_IN_SCHOOL,-0.8841032261214248,3.97311055796096e-102,305
ABSENT_20_PERCENT_OR_MORE,-0.9024002947565539,8.333440454299705e-113,305
PERCENTAGE_DROPPED_OUT,-0.909680610762144,1.1696270610820272e-117,305
